,Player,Pos,Age,Tm,G,MP,PG_Pc,SG_Pc,SF_Pc,PF_Pc,C_Pc,PMP100_OnCourt,PMP100_On_Off,BadPassTO,LostBallTO,FoulC_Shoot,FoulC_Off,FoulD_Shoot,FoulD_Off,PGA,And1,Blkd,Season,PlayerID
0,Precious Achiuwa,PF,21,MIA,27,391,0.0,0.0,0.0,0.54,0.46,-7.6,-5.9,11,11,27,6,34,6,44,5,17,2021,achiupr01
1,Jaylen Adams,PG,24,MIL,6,17,0.96,0.04,0.0,0.0,0.0,-42.3,-50.7,0,0,1,0,0,0,5,0,0,2021,adamsja01
2,Steven Adams,C,27,NOP,25,727,0.0,0.0,0.0,0.0,1.0,2.0,7.6,17,16,22,9,27,4,132,4,10,2021,adamsst01
3,Bam Adebayo,C,23,MIA,25,839,0.0,0.0,0.0,0.51,0.49,-1.4,5.6,31,23,24,14,54,3,337,15,15,2021,adebaba01
4,LaMarcus Aldridge,C,35,SAS,18,480,0.0,0.0,0.0,0.0,1.0,-8.2,-12.5,7,3,20,4,11,0,87,2,7,2021,aldrila01
5,Ty-Shon Alexander,SG,22,PHO,3,8,0.0,0.0,1.0,0.0,0.0,-60.0,-64.4,0,0,0,0,0,0,2,0,0,2021,alexaty01
6,Nickeil Alexander-Walker,SG,22,NOP,22,438,0.03,0.79,0.18,0.0,0.0,-4.2,-4.6,18,6,20,2,16,2,101,5,11,2021,alexani01
7,Grayson Allen,SG,25,MEM,17,396,0.04,0.8,0.16,0.0,0.0,4.0,5.6,14,2,11,2,7,2,79,0,8,2021,allengr01
8,Jarrett Allen,C,22,TOT,28,734,0.0,0.0,0.0,0.12,0.88,-2.2,0.1,16,10,30,8,57,6,107,14,16,2021,allenja01
9,Al-Farouq Aminu,PF,30,ORL,1,5,0.0,0.0,0.0,1.0,0.0,-63.6,-57.2,1,0,0,0,1,0,2,0,0,2021,aminual01
10,Kyle Anderson,PF,27,MEM,22,623,0.0,0.0,0.0,0.71,0.29,-0.5,-2.3,18,7,21,3,26,3,190,4,14,2021,anderky01
11,Giannis Antetokounmpo,PF,26,MIL,26,869,0.0,0.0,0.01,0.94,0.05,9.3,4.8,28,25,26,24,133,4,391,38,22,2021,antetgi01
12,Kostas Antetokounmpo,PF,23,LAL,1,8,0.0,0.0,0.0,0.0,1.0,5.9,-1.0,1,1,1,0,0,0,0,0,2,2021,antetko01
13,Thanasis Antetokounmpo,SF,28,MIL,17,149,0.0,0.13,0.65,0.22,0.0,-8.2,-18.0,5,4,10,5,3,5,38,1,0,2021,antetth01
14,Carmelo Anthony,PF,36,POR,25,636,0.0,0.0,0.0,0.87,0.13,-4.0,-8.7,8,4,19,11,29,2,75,3,10,2021,anthoca01
15,Cole Anthony,PG,20,ORL,25,667,0.92,0.08,0.0,0.0,0.0,-7.3,-1.3,29,17,21,4,22,8,226,5,25,2021,anthoco01
16,OG Anunoby,SF,23,TOR,17,592,0.0,0.0,0.72,0.28,0.0,3.2,2.8,12,7,20,9,19,4,72,3,11,2021,anunoog01
17,Ryan Arcidiacono,PG,26,CHI,10,100,1.0,0.0,0.0,0.0,0.0,17.3,19.9,1,0,5,1,3,7,36,1,0,2021,arcidry01
18,D.J. Augustin,PG,33,MIL,26,465,1.0,0.0,0.0,0.0,0.0,4.6,-4.9,11,7,7,1,9,3,172,1,12,2021,augusdj01
19,Deni Avdija,SF,20,WAS,21,482,0.0,0.02,0.78,0.21,0.0,-3.7,4.0,7,3,38,2,7,1,75,2,4,2021,avdijde01
20,Deandre Ayton,C,22,PHO,26,832,0.0,0.0,0.0,0.13,0.87,0.9,-8.8,7,22,52,16,34,1,111,11,15,2021,aytonde01
21,Udoka Azubuike,C,21,UTA,12,49,0.0,0.0,0.0,0.0,1.0,-54.8,-66.9,1,0,6,1,3,0,0,0,1,2021,azubuud01
22,Dwayne Bacon,SG,25,ORL,28,702,0.01,0.57,0.42,0.0,0.0,-8.8,-4.5,10,4,19,2,31,3,75,12,15,2021,bacondw01
23,Marvin Bagley III,PF,21,SAC,25,623,0.0,0.0,0.0,0.74,0.26,-7.4,-3.9,4,16,33,11,36,13,56,6,24,2021,baglema01
24,LaMelo Ball,PG,19,CHO,28,776,0.59,0.41,0.0,0.0,0.0,-2.2,-3.3,55,10,25,3,28,4,400,11,16,2021,ballla01
25,Lonzo Ball,PG,23,NOP,23,709,0.98,0.02,0.0,0.0,0.0,1.7,6.7,32,5,22,6,11,2,250,3,8,2021,balllo01
26,Mo Bamba,C,22,ORL,12,103,0.0,0.0,0.0,0.03,0.97,0.5,7.7,0,4,11,0,3,1,10,1,3,2021,bambamo01
27,Desmond Bane,SG,22,MEM,20,456,0.03,0.42,0.44,0.11,0.0,3.6,5.5,11,5,18,2,7,1,80,3,9,2021,banede01
28,Harrison Barnes,PF,28,SAC,27,948,0.0,0.0,0.47,0.52,0.01,-3.2,7.6,17,18,19,1,47,9,224,11,17,2021,barneha02
29,RJ Barrett,SG,20,NYK,29,985,0.02,0.74,0.24,0.0,0.0,1.3,2.4,29,12,29,8,52,5,213,8,35,2021,barrerj01
30,Will Barton,SF,30,DEN,25,744,0.0,0.21,0.62,0.17,0.0,3.4,-1.9,20,12,21,3,15,4,183,4,16,2021,bartowi01
31,Keita Bates-Diop,SF,25,SAS,8,27,0.0,0.0,0.95,0.03,0.02,-77.0,-78.4,0,0,0,0,3,0,4,0,4,2021,bateske01
32,Nicolas Batum,SF,32,LAC,27,806,0.0,0.0,0.11,0.88,0.01,12.8,11.2,15,2,21,1,14,6,146,4,2,2021,batumni01
33,Aron Baynes,C,34,TOR,24,452,0.0,0.0,0.0,0.0,1.0,-3.5,-7.9,3,7,33,8,5,8,59,0,8,2021,baynear01
34,Kent Bazemore,SF,31,GSW,26,410,0.0,0.23,0.56,0.2,0.01,12.1,15.1,14,6,23,3,12,8,96,4,3,2021,bazemke01
35,Darius Bazley,PF,20,OKC,26,804,0.0,0.0,0.07,0.88,0.05,-8.2,-7.0,15,19,15,6,29,2,105,6,18,2021,bazleda01
36,Bradley Beal,SG,27,WAS,23,810,0.02,0.81,0.17,0.0,0.0,-6.7,-1.7,32,30,28,7,82,7,245,25,17,2021,bealbr01
37,Malik Beasley,SG,24,MIN,27,873,0.0,0.89,0.11,0.0,0.0,-7.6,-0.2,13,18,21,3,33,3,165,9,18,2021,beaslma01
38,Jordan Bell,C,26,WAS,3,50,0.0,0.0,0.0,0.59,0.42,-37.9,-33.1,1,1,3,0,0,1,12,0,2,2021,belljo01
39,DeAndre' Bembry,SF,26,TOR,18,243,0.0,0.23,0.72,0.05,0.0,8.1,7.9,7,3,5,0,5,2,74,1,4,2021,bembrde01
40,Dāvis Bertāns,PF,28,WAS,22,563,0.0,0.0,0.0,0.95,0.06,-3.6,4.7,6,4,22,3,13,5,53,4,4,2021,bertada01
41,Patrick Beverley,PG,32,LAC,19,460,0.8,0.2,0.0,0.0,0.0,19.2,16.5,6,0,25,6,7,8,98,1,6,2021,beverpa01
42,Saddiq Bey,SF,21,DET,25,497,0.0,0.11,0.83,0.06,0.0,-5.0,-1.4,6,2,14,2,18,2,55,2,7,2021,beysa01
43,Tyler Bey,SF,22,DAL,4,13,0.0,0.0,0.0,0.26,0.74,-62.1,-61.0,0,0,1,0,2,1,0,0,0,2021,beyty01
44,Khem Birch,C,28,ORL,28,615,0.0,0.0,0.0,0.49,0.51,-6.9,-0.4,3,8,28,5,30,5,86,6,11,2021,birchkh01
45,Goga Bitadze,C,21,IND,13,124,0.0,0.0,0.0,0.0,1.0,-1.8,-3.6,0,0,13,1,4,0,8,0,0,2021,bitadgo01
46,Bismack Biyombo,C,28,CHO,26,585,0.0,0.0,0.0,0.0,1.0,-6.3,-9.6,7,4,31,7,22,1,76,6,18,2021,biyombi01
47,Nemanja Bjelica,PF,32,SAC,13,211,0.0,0.0,0.0,0.89,0.11,-8.2,-3.5,8,2,5,5,11,0,67,2,5,2021,bjeline01
48,Eric Bledsoe,SG,31,NOP,25,733,0.34,0.66,0.0,0.0,0.0,-0.9,0.8,27,7,19,5,25,7,213,6,6,2021,bledser01
49,Keljin Blevins,SF,25,POR,8,38,0.21,0.67,0.12,0.0,0.0,-7.5,-8.0,2,0,3,0,0,0,10,0,2,2021,blevike01
50,Bogdan Bogdanović,SG,28,ATL,9,213,0.0,0.42,0.58,0.0,0.0,-3.9,-5.0,4,3,7,2,2,1,49,0,2,2021,bogdabo01
51,Bojan Bogdanović,SF,31,UTA,28,868,0.0,0.0,0.03,0.97,0.0,12.7,8.6,15,17,14,4,30,5,155,4,20,2021,bogdabo02
52,Bol Bol,PF,21,DEN,12,65,0.0,0.0,0.0,0.64,0.37,-26.5,-32.5,1,2,3,0,0,0,5,0,0,2021,bolbo01
53,Marques Bolden,C,22,CLE,6,29,0.0,0.0,0.0,0.85,0.15,8.9,18.1,0,1,0,0,0,0,0,0,0,2021,boldema01
54,Jordan Bone,PG,23,ORL,14,196,1.0,0.0,0.0,0.0,0.0,-15.8,-10.7,2,0,2,0,0,2,44,0,0,2021,bonejo01
55,Isaac Bonga,SF,21,WAS,17,230,0.0,0.01,0.59,0.41,0.0,-3.5,3.3,3,1,14,1,1,2,21,1,0,2021,bongais01
56,Devin Booker,SG,24,PHO,22,774,0.01,0.9,0.09,0.0,0.0,4.3,0.9,36,17,27,16,56,8,232,16,14,2021,bookede01
57,Chris Boucher,C,28,TOR,27,624,0.0,0.0,0.0,0.05,0.96,4.3,5.1,5,3,48,4,46,6,67,9,20,2021,bouchch01
58,Brian Bowen,SF,22,IND,1,5,0.0,0.0,1.0,0.0,0.0,-68.2,-69.9,0,0,0,0,1,0,0,1,0,2021,bowenbr02
59,Avery Bradley,SG,30,MIA,10,211,0.22,0.74,0.04,0.0,0.0,-1.7,2.1,5,3,9,1,4,1,32,1,4,2021,bradlav01
60,Tony Bradley,C,23,PHI,10,117,0.0,0.0,0.0,0.15,0.85,3.7,0.7,1,0,9,0,2,0,12,1,5,2021,bradlto01
61,Jarrell Brantley,PF,24,UTA,7,20,0.0,0.05,0.61,0.34,0.0,-13.0,-23.0,1,0,4,0,0,0,0,0,0,2021,brantja01
62,Ignas Brazdeikis,SF,22,NYK,4,7,0.0,0.0,0.46,0.54,0.0,-52.7,-53.6,0,1,0,0,1,0,2,0,0,2021,brazdig01
63,Mikal Bridges,SF,24,PHO,26,861,0.0,0.11,0.84,0.05,0.0,4.7,2.1,10,7,21,2,27,6,136,5,11,2021,bridgmi01
64,Miles Bridges,PF,22,CHO,28,747,0.0,0.0,0.01,0.94,0.06,-0.4,1.0,22,9,37,7,15,4,131,5,12,2021,bridgmi02
65,Malcolm Brogdon,PG,28,IND,28,1004,0.52,0.42,0.06,0.0,0.0,0.2,-4.5,33,13,16,4,32,3,442,9,42,2021,brogdma01
66,Dillon Brooks,SF,25,MEM,22,641,0.0,0.29,0.66,0.05,0.0,-0.5,-2.5,27,12,29,5,20,5,133,5,15,2021,brookdi01
67,Bruce Brown,PG,24,BRK,25,472,0.43,0.57,0.01,0.0,0.0,2.1,-2.8,10,9,25,0,16,0,65,3,8,2021,brownbr01
68,Jaylen Brown,SG,24,BOS,24,796,0.01,0.5,0.46,0.04,0.0,1.4,3.3,16,29,21,12,57,4,199,16,26,2021,brownja02
69,Moses Brown,C,21,OKC,7,31,0.0,0.0,0.0,0.0,1.0,-17.6,-12.3,0,0,1,1,4,0,6,0,1,2021,brownmo01
70,Sterling Brown,SG,25,HOU,25,530,0.1,0.47,0.4,0.03,0.0,-1.6,0.6,10,4,29,1,4,0,107,2,11,2021,brownst02
71,Troy Brown Jr.,SF,21,WAS,13,205,0.0,0.22,0.65,0.13,0.0,-11.3,-6.3,4,4,9,3,6,2,32,2,2,2021,browntr01
72,Jalen Brunson,PG,24,DAL,24,578,0.7,0.3,0.0,0.0,0.0,-1.3,0.7,20,5,11,3,18,12,219,3,4,2021,brunsja01
73,Thomas Bryant,C,23,WAS,10,271,0.0,0.0,0.0,0.0,1.0,-3.3,3.7,2,4,18,4,16,3,35,10,2,2021,bryanth01
74,Reggie Bullock,SF,29,NYK,24,636,0.0,0.05,0.92,0.03,0.0,-0.6,-2.2,10,4,35,2,4,2,72,0,7,2021,bullore01
75,Trey Burke,PG,28,DAL,27,466,0.98,0.02,0.0,0.0,0.0,-3.4,-2.7,8,2,17,3,9,4,105,3,7,2021,burketr01
76,Alec Burks,SG,29,NYK,17,435,0.0,0.22,0.78,0.0,0.0,8.4,11.5,11,6,18,0,19,3,91,5,11,2021,burksal01
77,Jimmy Butler,SF,31,MIA,15,487,0.0,0.0,0.6,0.4,0.0,5.2,13.8,19,7,9,1,59,1,265,6,14,2021,butleji01
78,Bruno Caboclo,PF,25,HOU,6,36,0.0,0.0,0.0,0.33,0.67,1.3,3.3,3,0,4,0,0,1,3,0,1,2021,cabocbr01
79,Devontae Cacok,PF,24,LAL,1,2,0.0,0.0,0.0,1.0,0.0,25.0,18.1,0,0,0,0,0,0,0,0,0,2021,cacokde01
80,Kentavious Caldwell-Pope,SG,27,LAL,24,596,0.0,0.16,0.76,0.08,0.0,12.1,9.2,11,7,13,1,12,10,78,2,7,2021,caldwke01
81,Facundo Campazzo,PG,29,DEN,23,285,1.0,0.0,0.0,0.0,0.0,9.1,6.4,12,1,13,1,4,5,100,3,1,2021,campafa01
82,Vlatko Čančar,PF,23,DEN,12,39,0.0,0.0,0.58,0.09,0.33,-47.8,-53.7,1,1,3,0,1,0,0,0,0,2021,cancavl01
83,Clint Capela,C,26,ATL,24,699,0.0,0.0,0.0,0.0,1.0,3.2,6.3,4,9,30,12,34,1,62,9,21,2021,capelca01
84,Vernon Carey Jr.,C,19,CHO,3,6,0.0,0.0,0.0,0.0,1.0,27.3,28.2,0,0,0,0,1,0,2,0,0,2021,careyve01
85,Jevon Carter,PG,25,PHO,23,256,0.26,0.74,0.0,0.0,0.0,-0.6,-5.8,3,1,16,0,1,3,66,0,3,2021,carteje01
86,Wendell Carter Jr.,C,21,CHI,15,398,0.0,0.0,0.0,0.0,1.0,-9.8,-12.8,12,6,30,8,32,2,89,4,9,2021,cartewe01
87,Michael Carter-Williams,SG,29,ORL,9,216,0.26,0.7,0.04,0.0,0.0,7.7,17.1,6,2,9,4,10,8,58,4,5,2021,cartemi01
88,Alex Caruso,PG,26,LAL,21,394,1.0,0.0,0.0,0.0,0.0,14.6,10.7,16,7,18,1,5,6,110,2,6,2021,carusal01
89,Willie Cauley-Stein,C,27,DAL,26,454,0.0,0.0,0.0,0.22,0.78,7.3,13.5,10,1,42,2,20,4,48,2,8,2021,caulewi01
90,Chris Chiozza,PG,25,BRK,11,100,0.94,0.02,0.04,0.0,0.0,-12.8,-18.0,5,1,4,1,5,0,60,1,3,2021,chiozch01
91,Marquese Chriss,PF,23,GSW,2,27,0.0,0.0,0.0,0.09,0.91,-44.3,-46.9,1,0,1,1,2,0,5,0,1,2021,chrisma01
92,Gary Clark,SF,26,ORL,25,525,0.0,0.02,0.38,0.6,0.0,-7.9,-2.0,12,0,23,0,3,4,55,1,3,2021,clarkga01
93,Brandon Clarke,PF,24,MEM,18,503,0.0,0.0,0.43,0.57,0.01,-7.0,-14.2,4,5,14,2,23,3,73,11,13,2021,clarkbr01
94,Jordan Clarkson,SG,28,UTA,28,727,0.14,0.85,0.01,0.0,0.0,8.9,-1.8,20,17,10,4,22,0,148,8,20,2021,clarkjo01
95,Amir Coffey,SG,23,LAC,18,128,0.0,0.03,0.76,0.21,0.0,-4.7,-14.0,2,1,4,0,3,0,21,1,2,2021,coffeam01
96,John Collins,PF,23,ATL,27,856,0.0,0.0,0.0,0.74,0.26,3.3,8.9,9,13,48,9,36,5,100,10,22,2021,collijo01
97,Mike Conley,PG,33,UTA,23,674,1.0,0.0,0.0,0.0,0.0,17.7,16.0,28,13,8,3,25,10,341,2,9,2021,conlemi01
98,Pat Connaughton,SG,28,MIL,24,443,0.01,0.35,0.62,0.03,0.0,12.9,7.8,3,1,13,2,4,4,81,0,8,2021,connapa01
99,Quinn Cook,PG,27,LAL,15,51,1.0,0.0,0.0,0.0,0.0,-4.5,-11.9,1,2,1,0,2,0,12,1,1,2021,cookqu01
100,DeMarcus Cousins,C,30,HOU,24,470,0.0,0.0,0.0,0.0,1.0,-4.2,-3.4,18,9,38,7,24,4,138,5,12,2021,couside01
101,Robert Covington,PF,30,POR,24,741,0.0,0.0,0.18,0.82,0.0,5.3,12.3,9,1,33,10,7,6,109,0,6,2021,covinro01
102,Torrey Craig,SF,30,MIL,14,167,0.0,0.08,0.58,0.34,0.0,-7.0,-16.8,0,2,14,1,1,1,27,0,5,2021,craigto01
103,Jae Crowder,PF,30,PHO,23,639,0.0,0.0,0.38,0.62,0.0,2.6,-2.8,11,0,25,6,14,7,118,2,6,2021,crowdja01
104,Jarrett Culver,SG,21,MIN,16,339,0.0,0.02,0.73,0.26,0.0,-5.3,3.2,8,6,25,3,14,4,39,1,11,2021,culveja01
105,Seth Curry,SG,30,PHI,21,600,0.13,0.88,0.0,0.0,0.0,8.8,10.4,14,5,11,4,9,4,126,2,11,2021,curryse01
106,Stephen Curry,PG,32,GSW,28,944,0.83,0.17,0.0,0.0,0.0,1.9,1.1,48,19,21,7,61,6,386,22,26,2021,curryst01
107,Anthony Davis,PF,27,LAL,23,755,0.0,0.0,0.0,0.88,0.12,8.9,4.4,16,17,22,6,50,3,169,13,13,2021,davisan02
108,Ed Davis,C,31,MIN,19,264,0.0,0.0,0.0,0.0,1.0,-12.0,-5.5,1,0,31,5,4,1,48,0,8,2021,davised01
109,Terence Davis,SG,23,TOR,21,297,0.0,0.54,0.46,0.0,0.0,3.6,2.6,12,5,16,2,6,0,51,4,7,2021,daviste02
110,DeMar DeRozan,PF,31,SAS,25,835,0.0,0.0,0.26,0.74,0.0,-1.1,-2.7,20,16,29,3,78,9,419,13,30,2021,derozde01
111,Hamidou Diallo,SG,22,OKC,26,622,0.18,0.52,0.27,0.03,0.0,-7.1,-2.9,15,7,28,10,53,6,157,11,16,2021,diallha01
112,Gorgui Dieng,C,31,MEM,18,331,0.0,0.0,0.0,0.0,1.0,0.1,-0.6,4,5,21,6,15,2,63,3,5,2021,dienggo01
113,Spencer Dinwiddie,SG,27,BRK,3,64,0.01,0.98,0.01,0.0,0.0,28.7,25.9,4,0,1,1,3,0,24,0,0,2021,dinwisp01
114,Donte DiVincenzo,SG,24,MIL,27,700,0.03,0.87,0.1,0.0,0.0,11.8,8.8,19,9,17,3,7,6,167,1,13,2021,divindo01
115,Luka Dončić,PG,21,DAL,27,954,0.47,0.48,0.06,0.0,0.0,0.9,8.7,76,23,29,6,93,1,611,24,25,2021,doncilu01
116,Luguentz Dort,SG,21,OKC,25,735,0.32,0.67,0.01,0.0,0.0,-3.3,5.4,14,14,21,7,27,23,86,5,16,2021,dortlu01
117,Damyean Dotson,SG,26,CLE,24,490,0.51,0.41,0.07,0.0,0.0,-7.4,2.2,15,3,9,1,12,1,123,2,8,2021,dotsoda01
118,Devon Dotson,PG,21,CHI,1,10,1.0,0.0,0.0,0.0,0.0,-9.1,-8.1,0,0,0,0,0,1,0,0,1,2021,dotsode01
119,Sekou Doumbouya,PF,20,DET,24,314,0.0,0.0,0.01,0.95,0.03,-18.1,-18.3,4,3,6,6,12,0,33,1,10,2021,doumbse01
120,PJ Dozier,SG,24,DEN,17,330,0.0,0.15,0.71,0.14,0.0,4.5,0.6,4,7,16,1,14,5,59,4,10,2021,doziepj01
121,Goran Dragić,PG,34,MIA,17,451,0.72,0.28,0.0,0.0,0.0,1.6,7.8,30,8,15,9,14,6,223,4,9,2021,dragigo01
122,Andre Drummond,C,27,CLE,25,722,0.0,0.0,0.0,0.05,0.95,-7.3,3.1,40,24,28,10,67,7,142,17,50,2021,drumman01
123,Jared Dudley,PF,35,LAL,6,22,0.0,0.0,0.0,0.84,0.16,34.6,28.1,0,0,0,0,0,0,3,0,0,2021,dudleja01
124,Kevin Durant,PF,32,BRK,19,679,0.0,0.0,0.0,0.66,0.35,11.2,14.0,36,19,20,7,53,3,235,12,18,2021,duranke01
125,Anthony Edwards,SG,19,MIN,27,744,0.0,0.21,0.51,0.28,0.0,-8.3,-1.5,20,15,23,2,30,1,149,7,22,2021,edwaran01
126,Carsen Edwards,SG,22,BOS,13,134,0.23,0.71,0.06,0.0,0.0,-9.3,-10.7,0,1,9,0,5,1,14,2,2,2021,edwarca01
127,CJ Elleby,SF,20,POR,11,92,0.0,0.23,0.76,0.01,0.0,-3.9,-4.6,1,2,12,0,4,1,9,1,1,2021,ellebcj01
128,Wayne Ellington,SG,33,DET,20,459,0.0,0.98,0.02,0.0,0.0,-2.7,2.2,11,2,11,0,4,3,51,1,5,2021,ellinwa01
129,Joel Embiid,C,26,PHI,22,711,0.0,0.0,0.0,0.0,1.0,11.0,16.9,29,26,31,10,97,3,144,21,8,2021,embiijo01
130,James Ennis,SF,30,ORL,20,438,0.0,0.46,0.53,0.01,0.0,2.7,13.7,7,5,25,5,14,5,67,3,9,2021,ennisja01
131,Drew Eubanks,C,23,SAS,11,139,0.0,0.0,0.0,0.0,1.0,-19.1,-21.2,1,3,12,1,8,1,10,2,4,2021,eubandr01
132,Dante Exum,SG,25,CLE,6,116,0.03,0.45,0.52,0.0,0.0,4.5,14.6,4,1,4,0,1,4,26,0,0,2021,exumda01
133,Tacko Fall,C,25,BOS,6,49,0.0,0.0,0.0,0.0,1.0,28.8,29.8,0,1,7,0,4,0,0,0,1,2021,fallta01
134,Derrick Favors,C,29,UTA,26,430,0.0,0.0,0.0,0.05,0.96,7.3,-3.5,8,1,43,5,18,1,71,6,10,2021,favorde01
135,Cristiano Felício,C,28,CHI,6,38,0.0,0.0,0.0,0.0,1.0,2.8,4.0,1,1,2,1,4,1,10,0,0,2021,feliccr01
136,Terrance Ferguson,SG,22,PHI,7,24,0.0,0.0,0.43,0.57,0.0,-1.6,-4.8,1,0,1,0,0,0,5,0,0,2021,fergute01
137,Bruno Fernando,C,22,ATL,14,129,0.0,0.0,0.0,0.0,1.0,0.3,0.0,2,3,8,4,5,0,21,1,3,2021,fernabr01
138,Yogi Ferrell,PG,27,CLE,2,40,1.0,0.0,0.0,0.0,0.0,-12.0,-3.3,1,0,1,1,1,1,11,1,2,2021,ferreyo01
139,Dorian Finney-Smith,PF,27,DAL,19,583,0.0,0.0,0.39,0.61,0.0,-0.2,2.7,8,1,18,1,7,2,57,2,7,2021,finnedo01
140,Malachi Flynn,PG,22,TOR,13,106,1.0,0.0,0.0,0.0,0.0,-5.3,-7.6,4,0,6,0,1,1,42,1,2,2021,flynnma01
141,Bryn Forbes,SG,27,MIL,27,489,0.47,0.52,0.01,0.0,0.0,2.5,-8.3,2,2,11,8,5,0,33,3,8,2021,forbebr01
142,Trent Forrest,PG,22,UTA,3,10,1.0,0.0,0.0,0.0,0.0,-39.3,-49.3,0,0,0,0,1,0,2,0,0,2021,forretr01
143,Evan Fournier,SF,28,ORL,14,398,0.0,0.05,0.9,0.05,0.0,-6.8,-0.3,13,8,17,3,29,3,121,9,15,2021,fournev01
144,De'Aaron Fox,PG,23,SAC,26,860,0.98,0.02,0.0,0.0,0.0,-5.1,0.5,32,37,18,6,88,11,428,16,31,2021,foxde01
145,Tim Frazier,PG,30,MEM,3,33,1.0,0.0,0.0,0.0,0.0,8.8,8.6,3,0,2,0,0,0,18,0,1,2021,fraziti01
146,Markelle Fultz,PG,22,ORL,8,215,0.93,0.06,0.01,0.0,0.0,-4.9,2.1,9,6,10,3,8,1,103,5,7,2021,fultzma01
147,Wenyen Gabriel,PF,23,NOP,3,10,0.0,0.0,0.15,0.85,0.0,42.3,43.9,0,0,0,0,0,0,3,0,0,2021,gabriwe01
148,Daniel Gafford,PF,22,CHI,23,330,0.0,0.0,0.0,0.26,0.74,-1.6,-0.7,4,8,33,4,14,5,38,3,4,2021,gaffoda01
149,Danilo Gallinari,PF,32,ATL,15,290,0.0,0.0,0.0,0.45,0.55,-1.7,-2.5,5,6,14,4,19,1,43,2,6,2021,gallida01
150,Langston Galloway,SG,29,PHO,22,245,0.22,0.47,0.31,0.0,0.0,3.4,-0.7,5,0,6,1,8,0,36,3,0,2021,gallola01
151,Darius Garland,PG,21,CLE,21,679,1.0,0.0,0.0,0.0,0.0,-12.4,-7.0,31,10,22,4,10,11,252,0,14,2021,garlada01
152,Marc Gasol,C,36,LAL,28,550,0.0,0.0,0.0,0.0,1.0,7.4,0.8,17,2,37,4,11,5,119,5,5,2021,gasolma01
153,Rudy Gay,PF,34,SAS,26,572,0.0,0.0,0.05,0.87,0.08,10.3,18.8,12,10,21,4,18,2,88,3,13,2021,gayru01
154,Paul George,SF,30,LAC,20,680,0.0,0.02,0.9,0.09,0.0,13.6,10.8,43,17,17,9,38,8,281,8,8,2021,georgpa01
155,Taj Gibson,PF,35,NYK,7,93,0.0,0.0,0.0,0.0,1.0,9.3,9.4,0,0,6,1,3,1,9,0,1,2021,gibsota01
156,Harry Giles,C,22,POR,22,260,0.0,0.0,0.0,0.0,1.0,-10.2,-13.1,7,4,24,5,8,2,54,2,5,2021,gilesha01
157,Shai Gilgeous-Alexander,SG,22,OKC,21,709,0.07,0.26,0.66,0.01,0.0,-7.0,-2.9,38,16,20,3,53,1,349,13,24,2021,gilgesh01
158,Anthony Gill,PF,28,WAS,10,65,0.0,0.0,0.03,0.92,0.05,-23.5,-18.3,0,2,1,1,1,0,6,0,0,2021,gillan01
159,Rudy Gobert,C,28,UTA,28,846,0.0,0.0,0.0,0.0,1.0,14.4,12.6,7,10,26,14,75,1,92,17,23,2021,goberru01
160,Brandon Goodwin,PG,25,ATL,22,280,1.0,0.0,0.0,0.0,0.0,-0.7,-1.1,5,1,7,4,6,2,106,0,7,2021,goodwbr01
161,Aaron Gordon,PF,25,ORL,19,552,0.0,0.0,0.09,0.91,0.0,-3.6,5.2,30,8,15,9,32,2,187,4,13,2021,gordoaa01
162,Eric Gordon,SG,32,HOU,21,613,0.47,0.51,0.03,0.0,0.0,-0.6,2.5,20,9,16,5,39,0,133,8,15,2021,gordoer01
163,Devonte' Graham,PG,25,CHO,25,821,1.0,0.0,0.0,0.0,0.0,3.8,11.6,26,7,14,2,22,4,343,1,11,2021,grahade01
164,Jerami Grant,SF,26,DET,27,979,0.0,0.0,0.57,0.42,0.01,-1.1,11.6,21,13,32,8,72,14,196,11,29,2021,grantje01
165,Danny Green,SF,33,PHI,28,788,0.0,0.0,0.86,0.14,0.0,3.3,0.7,21,5,24,3,5,2,116,2,6,2021,greenda02
166,Draymond Green,PF,30,GSW,24,695,0.0,0.0,0.0,0.61,0.39,4.9,7.0,45,9,33,7,17,11,470,6,7,2021,greendr01
167,JaMychal Green,PF,30,DEN,22,452,0.0,0.0,0.04,0.7,0.26,6.2,3.1,8,2,32,9,15,1,54,3,14,2021,greenja01
168,Javonte Green,SG,27,BOS,16,238,0.0,0.49,0.51,0.0,0.0,-4.9,-6.4,5,2,5,0,12,2,20,3,3,2021,greenja02
169,Jeff Green,PF,34,BRK,29,755,0.0,0.0,0.18,0.67,0.16,3.2,-1.8,12,3,36,5,20,6,103,6,10,2021,greenje02
170,Josh Green,SG,20,DAL,17,212,0.0,0.45,0.53,0.02,0.0,-2.4,-0.8,5,3,8,1,6,4,25,1,2,2021,greenjo02
171,Blake Griffin,PF,31,DET,20,626,0.0,0.0,0.0,0.93,0.07,-6.3,-4.1,13,8,19,5,27,17,192,5,7,2021,griffbl01
172,Kyle Guy,PG,23,SAC,10,79,1.0,0.0,0.0,0.0,0.0,6.0,12.0,1,0,4,0,2,1,30,0,1,2021,guyky01
173,Rui Hachimura,PF,22,WAS,18,526,0.0,0.0,0.35,0.64,0.01,-8.6,-4.5,3,11,18,3,31,1,90,7,15,2021,hachiru01
174,Ashton Hagans,PG,21,MIN,2,4,0.0,1.0,0.0,0.0,0.0,-40.0,-32.5,1,0,0,0,0,0,0,0,0,2021,haganas01
175,Tyrese Haliburton,PG,20,SAC,25,734,0.09,0.72,0.18,0.0,0.0,-4.4,2.0,27,3,14,0,8,1,306,2,6,2021,halibty01
176,Josh Hall,SF,20,OKC,7,51,0.18,0.47,0.35,0.01,0.0,-22.0,-17.2,1,0,4,1,4,0,17,1,0,2021,halljo01
177,R.J. Hampton,PG,19,DEN,19,148,0.26,0.56,0.19,0.0,0.0,-8.8,-14.7,3,4,3,2,2,0,27,0,3,2021,hamptrj01
178,Tim Hardaway Jr.,SG,28,DAL,27,825,0.0,0.14,0.78,0.08,0.0,-2.6,-2.3,7,11,21,5,26,14,107,6,12,2021,hardati02
179,James Harden,SG,31,TOT,23,867,0.15,0.49,0.34,0.02,0.0,2.2,1.6,61,24,24,9,57,2,619,9,24,2021,hardeja01
180,Maurice Harkless,SF,27,MIA,10,109,0.0,0.05,0.59,0.36,0.0,-12.8,-10.2,0,2,6,0,1,0,17,0,0,2021,harklma01
181,Jared Harper,PG,23,NYK,2,5,1.0,0.0,0.0,0.0,0.0,-25.0,-25.7,2,0,0,0,1,0,0,0,0,2021,harpeja01
182,Montrezl Harrell,C,27,LAL,28,695,0.0,0.0,0.0,0.0,1.0,5.9,-2.0,12,11,32,6,55,14,67,22,12,2021,harremo01
183,Gary Harris,SG,26,DEN,18,553,0.01,0.8,0.19,0.0,0.0,7.6,6.1,6,2,21,1,13,4,78,4,6,2021,harriga01
184,Jalen Harris,SG,22,TOR,2,4,0.0,0.52,0.48,0.0,0.0,24.4,22.9,1,0,2,0,0,0,0,0,0,2021,harrija01
185,Joe Harris,SF,29,BRK,29,897,0.0,0.35,0.49,0.15,0.0,6.6,7.2,15,1,34,2,10,11,137,3,12,2021,harrijo01
186,Tobias Harris,PF,28,PHI,25,859,0.0,0.0,0.0,0.95,0.05,6.1,8.4,25,15,31,8,34,0,176,8,26,2021,harrito02
187,Shaquille Harrison,SG,27,UTA,15,53,0.0,0.81,0.19,0.0,0.0,-43.1,-54.9,2,1,0,0,1,0,18,0,1,2021,harrish01
188,Josh Hart,SF,25,NOP,26,723,0.0,0.08,0.86,0.06,0.0,-3.6,-5.7,12,3,29,3,22,3,140,6,10,2021,hartjo01
189,Isaiah Hartenstein,C,22,DEN,16,137,0.0,0.0,0.0,0.0,1.0,12.0,8.8,5,0,17,8,13,3,25,4,3,2021,harteis01
190,Jaxson Hayes,C,20,NOP,19,232,0.0,0.0,0.0,0.0,1.0,-9.4,-10.0,4,3,22,4,12,4,22,4,4,2021,hayesja02
191,Killian Hayes,PG,19,DET,7,148,1.0,0.0,0.0,0.0,0.0,-10.5,-7.2,10,4,9,0,1,1,60,0,4,2021,hayeski01
192,Gordon Hayward,SF,30,CHO,26,922,0.0,0.0,0.81,0.19,0.0,0.2,3.1,25,18,21,6,51,2,245,12,23,2021,haywago01
193,Juan Hernangómez,PF,25,MIN,13,242,0.0,0.0,0.0,0.84,0.16,-7.1,0.6,3,1,7,0,7,1,18,2,4,2021,hernaju01
194,Willy Hernangómez,C,26,NOP,11,174,0.0,0.0,0.0,0.0,1.0,0.7,2.3,2,0,4,0,5,3,36,1,4,2021,hernawi01
195,Tyler Herro,SG,21,MIA,19,648,0.43,0.48,0.1,0.0,0.0,-5.3,-3.7,32,12,19,2,19,3,181,5,14,2021,herroty01
196,Buddy Hield,SG,28,SAC,27,940,0.0,0.53,0.47,0.01,0.0,-5.1,0.6,29,17,35,1,8,4,187,2,10,2021,hieldbu01
197,George Hill,PG,34,OKC,14,369,0.95,0.05,0.0,0.0,0.0,-1.4,5.9,6,6,7,0,10,2,105,3,3,2021,hillge01
198,Solomon Hill,PF,29,ATL,27,514,0.0,0.0,0.44,0.56,0.0,-1.4,-2.6,9,3,23,2,6,2,55,2,3,2021,hillso01
199,Nate Hinton,SG,21,DAL,6,19,0.0,0.92,0.07,0.01,0.0,-53.7,-52.8,1,0,1,0,0,1,0,0,1,2021,hintona01
200,Aaron Holiday,PG,24,IND,28,549,1.0,0.0,0.0,0.0,0.0,1.2,-0.3,14,4,15,2,8,8,121,0,16,2021,holidaa01
201,Jrue Holiday,PG,30,MIL,23,747,0.74,0.27,0.0,0.0,0.0,10.6,6.9,24,7,14,0,19,5,295,9,17,2021,holidjr01
202,Justin Holiday,SG,31,IND,28,898,0.0,0.18,0.68,0.14,0.0,2.1,1.9,10,5,34,2,17,5,104,3,8,2021,holidju01
203,Richaun Holmes,C,27,SAC,25,739,0.0,0.0,0.0,0.0,1.0,0.1,12.3,15,6,59,13,31,1,109,11,12,2021,holmeri01
204,Rodney Hood,SF,28,POR,22,417,0.0,0.08,0.87,0.05,0.0,-5.6,-8.8,10,5,16,2,3,5,74,1,4,2021,hoodro01
205,Al Horford,C,34,OKC,18,507,0.0,0.0,0.0,0.06,0.95,1.0,11.1,9,4,18,4,6,0,159,3,6,2021,horfoal01
206,Talen Horton-Tucker,SG,20,LAL,24,408,0.0,0.3,0.64,0.06,0.0,3.4,-5.0,15,7,19,5,13,7,98,6,12,2021,hortota01
207,Danuel House,SF,27,HOU,16,453,0.0,0.0,0.36,0.45,0.2,-6.5,-7.0,8,3,18,2,15,3,90,4,4,2021,houseda01
208,Dwight Howard,C,35,PHI,28,471,0.0,0.0,0.0,0.02,0.98,-6.0,-13.8,16,10,31,20,36,1,44,2,8,2021,howardw01
209,Markus Howard,SG,21,DEN,13,38,0.02,0.88,0.1,0.0,0.0,-27.1,-32.3,3,0,1,0,0,0,10,0,2,2021,howarma02
210,Kevin Huerter,SG,22,ATL,27,855,0.02,0.94,0.04,0.0,0.0,-4.7,-14.1,23,8,25,0,9,1,244,2,17,2021,huertke01
211,Elijah Hughes,SF,22,UTA,6,27,0.0,0.0,0.7,0.3,0.0,-34.1,-44.7,1,2,0,0,0,0,7,0,1,2021,hugheel01
212,De'Andre Hunter,SF,23,ATL,18,579,0.0,0.01,0.65,0.35,0.0,6.3,11.0,6,13,18,3,29,9,100,3,6,2021,huntede01
213,Chandler Hutchison,SF,24,CHI,7,64,0.0,0.08,0.6,0.32,0.0,6.3,7.8,2,2,7,0,1,1,10,0,1,2021,hutchch01
214,Serge Ibaka,C,31,LAC,28,681,0.0,0.0,0.0,0.0,1.0,12.6,8.8,11,10,23,10,23,2,125,8,9,2021,ibakase01
215,Andre Iguodala,SF,37,MIA,25,532,0.0,0.24,0.6,0.16,0.0,-5.9,-4.0,18,3,20,1,5,5,148,1,1,2021,iguodan01
216,Joe Ingles,SF,33,UTA,24,641,0.0,0.02,0.81,0.17,0.0,9.0,-1.3,25,7,10,5,11,6,267,1,4,2021,inglejo01
217,Brandon Ingram,SF,23,NOP,26,910,0.0,0.0,0.6,0.4,0.0,-1.6,-1.1,26,20,21,12,56,5,299,12,23,2021,ingrabr01
218,Kyrie Irving,PG,28,BRK,20,707,1.0,0.0,0.0,0.0,0.0,8.7,9.4,26,18,30,3,34,4,269,6,20,2021,irvinky01
219,Wesley Iwundu,SF,26,DAL,17,232,0.0,0.0,0.75,0.25,0.0,-9.6,-9.5,2,1,12,0,3,3,19,0,5,2021,iwundwe01
220,Frank Jackson,PG,22,DET,7,39,0.79,0.21,0.0,0.0,0.0,12.6,17.3,4,0,1,0,0,1,19,0,2,2021,jacksfr01
221,Josh Jackson,SG,23,DET,25,600,0.0,0.9,0.1,0.0,0.0,-0.9,6.0,25,18,34,9,42,9,115,17,26,2021,jacksjo02
222,Justin Jackson,SF,25,OKC,16,298,0.01,0.43,0.46,0.1,0.0,-2.7,3.9,6,3,7,2,7,2,73,2,5,2021,jacksju01
223,Reggie Jackson,SG,30,LAC,26,531,0.54,0.44,0.02,0.0,0.0,4.1,-6.3,19,1,18,1,12,5,203,5,7,2021,jacksre01
224,Justin James,SF,24,SAC,8,50,0.06,0.29,0.62,0.03,0.0,-13.5,-8.5,0,0,0,0,3,0,8,1,0,2021,jamesju01
225,LeBron James,PG,36,LAL,28,968,0.75,0.25,0.0,0.0,0.0,9.9,10.1,59,25,13,5,85,8,528,27,21,2021,jamesle01
226,DaQuan Jeffries,SG,23,SAC,3,41,0.0,0.0,0.97,0.03,0.0,20.3,26.4,1,1,3,0,0,0,5,0,2,2021,jeffrda01
227,Isaiah Joe,SG,21,PHI,15,200,0.78,0.21,0.01,0.0,0.0,0.5,-3.0,3,1,10,1,1,6,32,0,1,2021,joeis01
228,Cameron Johnson,PF,24,PHO,26,668,0.0,0.0,0.03,0.97,0.0,9.6,12.0,9,8,14,0,13,6,92,6,6,2021,johnsca02
229,James Johnson,PF,33,DAL,23,424,0.0,0.0,0.0,0.98,0.02,-6.5,-7.0,13,5,26,5,12,0,93,6,4,2021,johnsja01
230,Keldon Johnson,SF,21,SAS,27,812,0.0,0.05,0.89,0.06,0.0,-6.0,-15.3,16,11,36,5,55,2,144,16,30,2021,johnske04
231,Stanley Johnson,PF,24,TOR,25,368,0.0,0.0,0.24,0.65,0.1,-2.6,-5.9,10,2,20,5,4,3,96,0,4,2021,johnsst04
232,Tyler Johnson,SG,28,BRK,12,127,0.43,0.25,0.27,0.05,0.0,-4.6,-9.4,3,0,3,0,0,2,25,0,0,2021,johnsty01
233,Nikola Jokić,C,25,DEN,26,932,0.0,0.0,0.0,0.0,1.0,6.2,7.6,54,23,41,11,44,3,539,18,21,2021,jokicni01
234,Damian Jones,C,25,PHO,11,78,0.0,0.0,0.0,0.1,0.9,-23.5,-29.3,2,0,10,2,2,0,0,1,3,2021,jonesda03
235,Derrick Jones Jr.,SF,23,POR,22,588,0.0,0.12,0.87,0.02,0.0,6.6,12.0,9,3,29,1,18,5,31,3,6,2021,jonesde02
236,Mason Jones,SG,22,HOU,17,192,0.28,0.67,0.06,0.0,0.0,-12.8,-12.8,13,1,9,1,13,0,60,3,4,2021,jonesma05
237,Tre Jones,PG,21,SAS,9,27,0.89,0.11,0.0,0.0,0.0,-29.4,-29.8,1,0,1,0,3,0,3,1,0,2021,jonestr01
238,Tyus Jones,PG,24,MEM,22,525,1.0,0.0,0.0,0.0,0.0,-2.6,-6.1,20,2,5,1,7,3,289,1,9,2021,jonesty01
239,DeAndre Jordan,C,32,BRK,27,578,0.0,0.0,0.0,0.0,1.0,3.7,-0.5,13,15,30,12,20,3,112,7,3,2021,jordade01
240,Cory Joseph,PG,29,SAC,27,534,0.57,0.42,0.0,0.0,0.0,-11.3,-10.2,15,8,25,4,11,6,156,3,7,2021,josepco01
241,Mfiondu Kabengele,PF,23,LAC,16,64,0.0,0.0,0.0,0.76,0.24,-3.9,-12.5,1,1,11,1,2,1,7,0,1,2021,kabenmf01
242,Frank Kaminsky,C,27,PHO,20,316,0.0,0.0,0.0,0.0,1.0,4.0,0.0,5,2,15,1,13,3,95,5,8,2021,kaminfr01
243,Enes Kanter,C,28,POR,26,639,0.0,0.0,0.0,0.02,0.98,3.0,5.5,11,11,42,5,28,1,78,10,26,2021,kanteen01
244,Luke Kennard,SG,24,LAC,29,639,0.22,0.65,0.14,0.0,0.0,-0.6,-15.9,17,6,25,0,8,0,134,5,6,2021,kennalu01
245,Maxi Kleber,PF,29,DAL,17,435,0.0,0.0,0.0,0.8,0.2,1.5,4.7,6,2,23,2,5,5,63,0,2,2021,klebima01
246,Nathan Knight,PF,23,ATL,9,54,0.0,0.0,0.14,0.58,0.28,-6.5,-7.0,0,2,5,2,4,0,3,2,1,2021,knighna01
247,Kevin Knox,SF,21,NYK,22,372,0.0,0.0,0.59,0.41,0.01,-8.6,-12.5,7,3,22,2,8,2,41,4,4,2021,knoxke01
248,John Konchar,SG,24,MEM,14,235,0.16,0.44,0.41,0.0,0.0,4.9,5.6,3,1,11,2,2,1,45,0,3,2021,konchjo01
249,Furkan Korkmaz,SG,23,PHI,17,335,0.0,0.07,0.63,0.28,0.02,0.5,-3.4,9,3,11,1,6,1,30,2,2,2021,korkmfu01
250,Luke Kornet,PF,25,CHI,5,37,0.0,0.0,0.0,0.25,0.76,-14.0,-13.4,0,1,1,0,1,0,2,0,1,2021,kornelu01
251,Rodions Kurucs,SF-PF,22,TOT,14,73,0.0,0.0,0.08,0.37,0.55,-7.7,-9.1,3,3,5,1,0,0,9,0,1,2021,kurucro01
252,Kyle Kuzma,SF,25,LAL,28,697,0.0,0.0,0.6,0.41,0.0,2.8,-8.4,8,9,21,12,11,1,73,2,10,2021,kuzmaky01
253,Jeremy Lamb,SG,28,IND,15,373,0.0,0.46,0.45,0.1,0.0,-1.3,-3.8,5,5,13,2,18,7,62,3,4,2021,lambje01
254,Zach LaVine,SG,25,CHI,26,927,0.07,0.63,0.3,0.0,0.0,-3.9,-10.6,54,28,33,6,57,1,334,14,24,2021,lavinza01
255,Jake Layman,SF,26,MIN,19,292,0.0,0.0,0.36,0.64,0.0,-12.2,-5.9,4,1,13,4,13,3,25,3,7,2021,laymaja01
256,Jalen Lecque,PG,20,IND,3,9,0.76,0.24,0.0,0.0,0.0,-20.0,-21.6,0,0,0,0,2,0,5,1,0,2021,lecquja01
257,Damion Lee,SG,28,GSW,28,535,0.0,0.56,0.4,0.04,0.0,4.0,3.9,6,2,21,3,7,9,99,3,0,2021,leeda03
258,Saben Lee,PG,21,DET,8,70,1.0,0.0,0.0,0.0,0.0,1.6,6.0,5,0,4,0,3,3,21,0,1,2021,leesa01
259,Alex Len,C,27,TOT,19,275,0.0,0.0,0.0,0.0,1.0,-8.8,-7.4,7,6,23,6,17,0,55,2,5,2021,lenal01
260,Kawhi Leonard,SF,29,LAC,23,792,0.0,0.57,0.41,0.02,0.0,14.9,15.7,9,19,11,4,53,3,310,10,9,2021,leonaka01
261,Meyers Leonard,C,28,MIA,3,29,0.0,0.0,0.0,0.0,1.0,-6.8,-3.4,2,0,5,0,0,0,6,0,0,2021,leoname01
262,Caris LeVert,SG,26,BRK,12,334,0.25,0.62,0.13,0.0,0.0,6.9,3.8,10,9,7,2,20,1,179,6,7,2021,leverca01
263,Kira Lewis Jr.,PG,19,NOP,15,184,1.0,0.0,0.0,0.0,0.0,0.3,1.8,4,0,12,0,6,3,52,0,4,2021,lewiski01
264,Damian Lillard,PG,30,POR,25,895,1.0,0.0,0.0,0.0,0.0,3.1,10.0,52,16,15,6,72,8,466,13,22,2021,lillada01
265,Nassir Little,PF,20,POR,11,120,0.0,0.01,0.58,0.41,0.0,-9.7,-11.1,2,4,8,0,5,0,5,1,3,2021,littlna01
266,Kevon Looney,C,24,GSW,21,308,0.0,0.0,0.0,0.0,1.0,9.7,10.4,5,3,19,3,4,1,93,1,2,2021,looneke01
267,Brook Lopez,C,32,MIL,27,731,0.0,0.0,0.0,0.0,1.0,7.9,0.4,8,5,28,5,21,1,42,5,6,2021,lopezbr01
268,Robin Lopez,C,32,WAS,25,478,0.0,0.0,0.0,0.0,1.0,-11.4,-8.9,7,5,28,10,25,2,59,8,8,2021,lopezro01
269,Kevin Love,PF,32,CLE,2,46,0.0,0.0,0.0,1.0,0.0,17.7,27.4,1,2,0,0,2,0,11,0,3,2021,loveke01
270,Kyle Lowry,PG,34,TOR,24,837,0.97,0.03,0.0,0.0,0.0,1.9,0.7,37,15,25,14,32,20,369,6,17,2021,lowryky01
271,Timothé Luwawu-Cabarrot,SF,25,BRK,29,567,0.0,0.03,0.59,0.33,0.05,-0.8,-8.1,12,4,27,1,10,4,89,2,6,2021,luwawti01
272,Trey Lyles,PF,25,SAS,14,165,0.0,0.0,0.04,0.77,0.2,-14.2,-16.0,0,0,4,0,8,0,16,1,0,2021,lylestr01
273,Thon Maker,C,23,CLE,8,76,0.0,0.0,0.07,0.44,0.49,-9.4,-0.6,1,0,3,2,5,0,9,1,1,2021,makerth01
274,Théo Maledon,PG,19,OKC,21,476,1.0,0.0,0.0,0.0,0.0,-10.5,-7.8,24,5,22,1,8,1,150,1,6,2021,maledth01
275,Karim Mané,PG,20,ORL,6,56,0.0,0.58,0.42,0.0,0.0,-15.6,-9.4,1,1,2,0,2,0,2,0,6,2021,maneka01
276,Terance Mann,SG,24,LAC,26,377,0.02,0.5,0.46,0.03,0.0,0.0,-11.1,3,4,17,6,12,2,66,1,7,2021,mannte01
277,Nico Mannion,PG,19,GSW,6,36,1.0,0.0,0.0,0.0,0.0,19.0,17.9,1,1,2,0,1,1,29,0,1,2021,mannini01
278,Boban Marjanović,C,32,DAL,15,108,0.0,0.0,0.0,0.0,1.0,5.9,8.3,1,1,6,1,7,0,2,3,7,2021,marjabo01
279,Lauri Markkanen,PF,23,CHI,14,426,0.0,0.0,0.0,0.3,0.7,-8.7,-11.6,7,9,18,6,20,2,28,6,8,2021,markkla01
280,Naji Marshall,SF,23,NOP,3,8,0.0,0.0,0.65,0.36,0.0,79.4,81.1,0,0,0,0,1,0,2,0,0,2021,marshna01
281,Caleb Martin,SF,25,CHO,23,363,0.0,0.33,0.62,0.04,0.0,-4.5,-5.0,8,3,13,2,12,13,73,3,11,2021,martica02
282,Cody Martin,SF,25,CHO,17,159,0.01,0.16,0.75,0.09,0.0,-5.7,-5.6,5,3,6,1,7,1,40,4,1,2021,martico01
283,Kelan Martin,SF,25,IND,11,43,0.0,0.0,0.72,0.26,0.01,0.0,-1.5,1,2,1,0,0,0,0,0,0,2021,martike03
284,Kenyon Martin Jr.,SF,20,HOU,7,69,0.0,0.0,0.34,0.59,0.07,18.0,21.2,1,1,4,1,3,0,9,1,2,2021,martike04
285,Frank Mason III,G,26,ORL,4,79,1.0,0.0,0.0,0.0,0.0,-10.1,-3.6,4,0,3,1,4,0,25,1,5,2021,masonfr01
286,Garrison Mathews,SG,24,WAS,19,305,0.06,0.28,0.61,0.06,0.0,-0.5,7.5,0,3,11,0,11,11,24,0,6,2021,mathega01
287,Dakota Mathias,SG,25,PHI,8,123,0.0,0.48,0.52,0.0,0.0,-12.7,-17.2,0,0,3,0,1,1,29,1,0,2021,mathida01
288,Wesley Matthews,SG,34,LAL,21,426,0.02,0.65,0.32,0.01,0.0,-2.3,-13.4,6,0,22,0,5,2,50,0,0,2021,matthwe02
289,Tyrese Maxey,SG,20,PHI,27,460,0.42,0.54,0.04,0.0,0.0,-9.5,-18.9,10,4,21,1,11,1,114,5,9,2021,maxeyty01
290,Skylar Mays,SG,23,ATL,9,55,0.33,0.67,0.0,0.0,0.0,7.3,7.3,1,0,3,0,3,1,12,0,2,2021,mayssk01
291,CJ McCollum,SG,29,POR,13,440,0.19,0.8,0.01,0.0,0.0,4.3,6.3,8,4,12,0,21,1,163,6,9,2021,mccolcj01
292,T.J. McConnell,PG,28,IND,25,594,0.47,0.53,0.0,0.0,0.0,6.6,9.3,26,13,14,1,5,9,390,2,11,2021,mccontj01
293,Jaden McDaniels,PF,20,MIN,21,376,0.0,0.0,0.09,0.85,0.06,4.9,17.6,6,6,31,2,6,1,53,1,8,2021,mcdanja02
294,Jalen McDaniels,SF,23,CHO,10,108,0.0,0.02,0.18,0.8,0.0,-2.1,-1.4,4,3,6,0,5,0,13,1,3,2021,mcdanja01
295,Doug McDermott,PF,29,IND,27,706,0.0,0.0,0.27,0.72,0.02,3.2,3.7,9,8,15,6,22,2,93,7,17,2021,mcderdo01
296,Sean McDermott,SF,24,MEM,4,57,0.0,0.4,0.56,0.04,0.0,-13.7,-15.0,2,0,0,0,1,0,8,0,0,2021,mcderse01
297,JaVale McGee,C,33,CLE,20,313,0.0,0.0,0.0,0.0,1.0,-12.0,-4.1,15,0,21,6,19,1,45,4,5,2021,mcgeeja01
298,Rodney McGruder,SG,29,DET,8,64,0.69,0.32,0.0,0.0,0.0,-19.8,-16.4,0,2,3,1,2,2,16,1,1,2021,mcgruro01
299,Alfonzo McKinnie,SF,28,LAL,14,44,0.0,0.05,0.9,0.06,0.0,-0.9,-8.1,1,0,2,0,2,1,2,0,2,2021,mckinal01
300,Jordan McLaughlin,PG,24,MIN,15,272,1.0,0.0,0.0,0.0,0.0,-3.6,5.0,9,7,6,0,3,5,163,1,9,2021,mclaujo01
301,Ben McLemore,SG,27,HOU,19,283,0.8,0.19,0.0,0.0,0.0,-7.0,-6.5,11,6,12,3,7,1,45,1,5,2021,mclembe01
302,Nicolò Melli,PF,30,NOP,12,135,0.0,0.0,0.0,0.93,0.07,3.3,5.1,3,1,12,1,2,0,29,0,2,2021,mellini01
303,De'Anthony Melton,PG,22,MEM,12,258,0.23,0.77,0.0,0.0,0.0,13.9,17.7,8,7,14,2,2,0,86,1,10,2021,meltode01
304,Sam Merrill,SG,24,MIL,9,55,0.22,0.72,0.07,0.0,0.0,0.8,-7.2,0,2,1,0,0,1,23,0,1,2021,merrisa01
305,Chimezie Metu,C,23,SAC,11,71,0.0,0.0,0.0,0.0,1.0,-12.2,-7.3,2,2,6,2,4,1,11,1,1,2021,metuch01
306,Khris Middleton,SF,29,MIL,27,886,0.0,0.01,0.81,0.19,0.0,9.2,4.8,34,20,34,4,34,4,394,12,16,2021,middlkh01
307,Darius Miller,SF,30,OKC,10,98,0.27,0.49,0.24,0.0,0.0,14.4,21.8,1,1,3,0,1,0,19,0,0,2021,milleda01
308,Patty Mills,PG,32,SAS,27,687,1.0,0.0,0.0,0.0,0.0,7.9,17.4,17,6,11,2,12,12,171,4,11,2021,millspa02
309,Paul Millsap,PF,35,DEN,26,621,0.0,0.0,0.04,0.92,0.04,3.0,-2.3,14,7,34,2,25,3,101,5,7,2021,millspa01
310,Shake Milton,SG,24,PHI,22,536,0.02,0.4,0.46,0.12,0.0,4.3,2.2,16,10,22,2,37,8,157,9,19,2021,miltosh01
311,Donovan Mitchell,SG,24,UTA,26,874,0.59,0.41,0.0,0.0,0.0,9.5,-0.4,44,27,25,2,53,5,332,17,25,2021,mitchdo01
312,Adam Mokoka,SG,22,CHI,7,42,0.14,0.71,0.15,0.0,0.0,-8.1,-7.3,2,0,2,0,0,0,10,0,0,2021,mokokad01
313,Malik Monk,SG,22,CHO,15,316,0.06,0.53,0.41,0.0,0.0,-0.2,0.8,12,5,13,0,8,1,66,2,5,2021,monkma01
314,E'Twaun Moore,SG,31,PHO,13,216,0.36,0.53,0.1,0.01,0.0,-4.0,-9.7,3,3,10,3,3,1,48,0,8,2021,mooreet01
315,Ja Morant,PG,21,MEM,14,418,0.91,0.1,0.0,0.0,0.0,-2.2,-4.5,32,8,15,1,31,4,272,4,20,2021,moranja01
316,Juwan Morgan,PF,23,UTA,11,62,0.0,0.0,0.0,0.39,0.61,-24.0,-35.2,1,0,9,1,1,0,8,1,0,2021,morgaju01
317,Marcus Morris,PF,31,LAC,20,492,0.0,0.0,0.0,0.89,0.11,3.0,-7.9,11,8,19,0,15,4,46,4,4,2021,morrima03
318,Markieff Morris,PF,31,LAL,22,335,0.0,0.0,0.0,0.95,0.05,2.5,-5.8,4,1,11,3,7,5,51,2,2,2021,morrima02
319,Monte Morris,PG,25,DEN,26,682,0.67,0.33,0.0,0.0,0.0,6.3,4.5,10,3,10,1,17,2,219,4,15,2021,morrimo01
320,Mychal Mulder,PG,26,GSW,27,289,0.91,0.09,0.0,0.0,0.0,8.9,9.4,2,1,13,1,5,1,23,1,0,2021,muldemy01
321,Dejounte Murray,PG,24,SAS,27,821,0.65,0.35,0.0,0.0,0.0,2.0,5.9,20,15,19,4,24,4,318,7,24,2021,murrade01
322,Jamal Murray,PG,23,DEN,24,835,0.58,0.34,0.08,0.0,0.0,7.6,9.7,26,15,25,5,27,15,256,3,12,2021,murraja01
323,Mike Muscala,C,29,OKC,24,452,0.0,0.0,0.0,0.0,1.0,-4.6,1.6,9,4,24,1,11,3,54,5,5,2021,muscami01
324,Sviatoslav Mykhailiuk,SF,23,DET,26,398,0.0,0.3,0.7,0.0,0.0,-4.3,-0.2,7,5,5,2,7,5,80,1,4,2021,mykhasv01
325,Abdel Nader,SF,27,PHO,11,163,0.0,0.27,0.7,0.03,0.0,2.0,-2.3,2,3,4,1,9,3,24,1,3,2021,naderab01
326,Larry Nance Jr.,PF,28,CLE,19,635,0.0,0.01,0.11,0.88,0.0,-3.3,9.9,18,5,20,3,8,5,148,1,5,2021,nancela02
327,Aaron Nesmith,SF,21,BOS,11,146,0.0,0.21,0.66,0.13,0.0,-5.3,-6.3,1,2,10,1,1,2,12,0,3,2021,nesmiaa01
328,Raul Neto,PG,28,WAS,20,375,0.88,0.12,0.0,0.0,0.0,-4.1,2.9,7,5,19,0,8,9,84,2,12,2021,netora01
329,Georges Niang,PF,27,UTA,28,358,0.0,0.0,0.08,0.92,0.0,7.6,-2.8,9,3,19,3,2,1,53,1,3,2021,niangge01
330,Zeke Nnaji,PF,20,DEN,13,72,0.0,0.0,0.08,0.55,0.37,-15.9,-21.4,0,0,3,0,2,0,0,0,2,2021,nnajize01
331,Nerlens Noel,C,26,NYK,24,445,0.0,0.0,0.0,0.0,1.0,2.5,2.8,6,11,29,4,9,3,23,2,1,2021,noelne01
332,Jaylen Nowell,SG,21,MIN,13,220,0.04,0.7,0.27,0.0,0.0,2.8,12.5,4,3,8,0,10,2,30,1,3,2021,nowelja01
333,Frank Ntilikina,PG,22,NYK,4,42,0.82,0.18,0.0,0.0,0.0,0.0,-0.6,1,1,3,0,1,1,7,0,0,2021,ntilila01
334,Kendrick Nunn,PG,25,MIA,19,526,1.0,0.0,0.0,0.0,0.0,-8.1,-7.8,24,10,17,3,9,1,98,4,12,2021,nunnke01
335,Jusuf Nurkić,C,26,POR,12,280,0.0,0.0,0.0,0.0,1.0,2.9,3.4,12,2,15,6,12,3,78,1,11,2021,nurkiju01
336,David Nwaba,SF,28,HOU,23,535,0.0,0.11,0.48,0.35,0.06,1.7,6.1,5,5,24,1,28,9,62,10,20,2021,nwabada01
337,Jordan Nwora,SF,22,MIL,10,82,0.0,0.0,0.4,0.6,0.0,-2.1,-10.5,4,2,5,0,3,0,0,0,5,2021,nworajo01
338,Royce O'Neale,SF,27,UTA,28,910,0.0,0.29,0.71,0.0,0.0,11.9,6.8,12,6,41,4,11,16,174,2,4,2021,onealro01
339,Semi Ojeleye,PF,26,BOS,25,476,0.0,0.0,0.05,0.92,0.03,4.9,7.4,4,0,17,3,11,8,51,3,5,2021,ojelese01
340,Jahlil Okafor,C,25,DET,12,120,0.0,0.0,0.0,0.0,1.0,-13.3,-10.1,3,0,7,0,1,0,8,0,5,2021,okafoja01
341,Chuma Okeke,PF,22,ORL,12,266,0.0,0.0,0.26,0.74,0.0,-1.8,6.0,6,2,9,0,3,1,69,0,0,2021,okekech01
342,Josh Okogie,SG,22,MIN,21,437,0.0,0.07,0.87,0.06,0.0,-9.0,-2.1,9,3,16,0,17,5,55,3,10,2021,okogijo01
343,Onyeka Okongwu,C,20,ATL,9,93,0.0,0.0,0.0,0.16,0.84,-3.9,-4.5,1,1,10,2,6,1,9,2,3,2021,okongon01
344,Isaac Okoro,SG,20,CLE,24,792,0.06,0.52,0.42,0.0,0.0,-11.1,-5.3,16,11,32,3,20,4,115,2,15,2021,okorois01
345,KZ Okpala,PF,21,MIA,14,168,0.0,0.0,0.48,0.52,0.0,-20.2,-19.2,4,1,6,3,3,0,14,0,3,2021,okpalkz01
346,Victor Oladipo,SG,28,TOT,20,640,0.07,0.66,0.27,0.0,0.0,2.0,3.0,22,13,17,6,30,15,226,7,29,2021,oladivi01
347,Kelly Olynyk,C,29,MIA,26,680,0.0,0.0,0.0,0.0,1.0,0.2,7.7,15,3,28,9,8,6,127,2,6,2021,olynyke01
348,Miye Oni,SG,23,UTA,22,170,0.26,0.32,0.42,0.0,0.0,3.7,-6.8,5,1,9,0,2,1,17,0,2,2021,onimi01
349,Cedi Osman,SF,25,CLE,29,766,0.0,0.16,0.74,0.1,0.0,-12.8,-8.7,21,7,25,0,17,6,173,6,17,2021,osmande01
350,Daniel Oturu,C,21,LAC,10,42,0.0,0.0,0.0,0.0,1.0,12.3,4.4,2,0,5,0,1,0,9,0,3,2021,oturuda01
351,Kelly Oubre Jr.,SF,25,GSW,28,809,0.0,0.35,0.39,0.26,0.0,-4.0,-14.1,13,13,32,8,40,14,88,9,22,2021,oubreke01
352,Eric Paschall,PF,24,GSW,25,427,0.0,0.0,0.01,0.32,0.68,-5.8,-10.7,3,6,18,7,30,1,81,9,21,2021,pascher01
353,Anžejs Pasečņiks,C,25,WAS,1,6,0.0,0.0,0.0,0.0,1.0,-100.0,-94.4,2,1,0,2,0,0,2,0,0,2021,pasecan01
354,Patrick Patterson,PF,31,LAC,9,115,0.0,0.0,0.02,0.75,0.22,1.6,-7.0,3,1,4,0,1,0,13,0,0,2021,pattepa01
355,Chris Paul,PG,35,PHO,25,807,1.0,0.0,0.0,0.0,0.0,4.1,0.4,42,11,30,6,12,7,497,3,5,2021,paulch01
356,Cameron Payne,PG,26,PHO,15,261,0.96,0.04,0.0,0.0,0.0,12.9,11.3,13,3,14,0,4,8,139,0,4,2021,payneca01
357,Elfrid Payton,PG,26,NYK,29,808,0.97,0.03,0.0,0.0,0.0,-1.9,-5.9,32,11,21,4,28,2,237,10,40,2021,paytoel01
358,Norvel Pelle,F-C,27,BRK,3,28,1.0,0.0,0.0,0.0,0.0,-18.9,-23.3,1,0,5,2,0,0,0,0,1,2021,pelleno01
359,Reggie Perry,PF,20,BRK,14,147,0.0,0.0,0.03,0.2,0.78,-5.3,-10.3,5,3,16,3,4,1,27,2,7,2021,perryre01
360,Theo Pinson,SG,25,NYK,9,21,0.04,0.58,0.38,0.0,0.0,-28.9,-29.9,0,0,1,0,0,0,0,0,0,2021,pinsoth01
361,Mason Plumlee,C,30,DET,25,693,0.0,0.0,0.0,0.0,1.0,-4.2,-0.2,28,11,44,7,24,2,213,3,18,2021,plumlma01
362,Jakob Poeltl,C,25,SAS,27,600,0.0,0.0,0.0,0.0,1.0,11.2,21.1,13,5,38,10,17,2,105,8,10,2021,poeltja01
363,Vincent Poirier,C,27,PHI,4,18,0.0,0.0,0.0,0.0,1.0,-15.8,-19.1,1,0,1,0,1,0,3,0,0,2021,poirivi01
364,Aleksej Pokusevski,PF,19,OKC,17,296,0.0,0.0,0.02,0.81,0.17,-13.6,-10.5,12,4,14,1,0,1,50,0,1,2021,pokusal01
365,Jordan Poole,SG,21,GSW,15,143,0.0,0.6,0.37,0.04,0.0,-1.7,-3.7,2,3,7,0,6,2,29,0,0,2021,poolejo01
366,Michael Porter Jr.,SF,22,DEN,16,432,0.0,0.0,0.7,0.3,0.0,1.5,-3.9,4,3,22,4,15,0,32,4,5,2021,portemi01
367,Otto Porter,SF,27,CHI,16,372,0.0,0.04,0.48,0.48,0.0,-4.9,-5.4,7,4,9,3,12,1,74,4,3,2021,porteot01
368,Bobby Portis,C,25,MIL,27,586,0.0,0.0,0.0,0.18,0.82,11.8,7.4,4,7,37,4,15,1,76,4,18,2021,portibo01
369,Kristaps Porziņģis,C,25,DAL,17,509,0.0,0.0,0.0,0.0,1.0,-6.9,-8.3,7,6,35,3,29,3,56,7,15,2021,porzikr01
370,Dwight Powell,C,29,DAL,17,277,0.0,0.0,0.0,0.02,0.98,1.8,4.4,2,1,19,6,21,6,39,2,6,2021,poweldw01
371,Norman Powell,SG,27,TOR,25,701,0.01,0.52,0.47,0.0,0.0,2.8,2.5,12,11,15,5,40,3,94,9,25,2021,powelno01
372,Taurean Prince,PF,26,TOT,27,592,0.0,0.0,0.4,0.6,0.0,-5.5,-4.1,19,5,24,3,17,7,105,2,7,2021,princta02
373,Payton Pritchard,SG,23,BOS,20,426,0.28,0.68,0.04,0.0,0.0,3.7,5.2,9,6,15,2,6,3,104,1,6,2021,pritcpa01
374,Immanuel Quickley,PG,21,NYK,25,483,0.83,0.17,0.0,0.0,0.0,5.3,7.3,13,4,17,2,22,2,162,7,10,2021,quickim01
375,Jahmi'us Ramsey,SG,19,SAC,4,16,0.19,0.81,0.0,0.0,0.0,22.5,28.2,1,0,0,0,0,0,3,0,0,2021,ramseja01
376,Julius Randle,PF,26,NYK,29,1065,0.0,0.0,0.0,0.93,0.07,1.7,4.9,40,22,26,16,79,3,406,25,32,2021,randlju01
377,Cam Reddish,SF,21,ATL,23,657,0.0,0.3,0.68,0.02,0.0,-3.0,-6.5,11,13,30,4,35,4,75,3,18,2021,reddica01
378,J.J. Redick,SG,36,NOP,23,417,0.23,0.76,0.01,0.0,0.0,-9.7,-12.8,5,4,14,6,12,10,55,5,7,2021,redicjj01
379,Paul Reed,PF,21,PHI,5,55,0.0,0.0,0.25,0.75,0.0,14.5,11.9,1,3,3,0,0,0,8,0,6,2021,reedpa01
380,Naz Reid,C,21,MIN,25,548,0.0,0.0,0.0,0.01,0.99,-10.9,-5.7,13,7,52,6,33,9,78,7,16,2021,reidna01
381,Nick Richards,PF,23,CHO,8,23,0.0,0.0,0.0,0.11,0.89,36.7,38.0,0,0,0,0,3,0,0,0,1,2021,richani01
382,Josh Richardson,SG,27,DAL,19,601,0.0,0.8,0.2,0.0,0.0,-2.7,-1.8,10,8,21,2,14,11,129,3,7,2021,richajo01
383,Austin Rivers,SG,28,NYK,21,442,0.08,0.92,0.0,0.0,0.0,-3.8,-6.4,7,5,12,5,6,8,107,0,6,2021,riverau01
384,Duncan Robinson,SF,26,MIA,27,891,0.0,0.34,0.41,0.25,0.0,-1.7,5.6,19,5,28,6,13,6,101,3,5,2021,robindu01
385,Glenn Robinson III,SF,27,SAC,22,346,0.0,0.01,0.58,0.41,0.0,-15.0,-13.3,3,5,11,0,9,1,50,1,8,2021,robingl02
386,Jerome Robinson,SG,23,WAS,13,221,0.17,0.7,0.12,0.01,0.0,-15.0,-10.9,8,1,13,1,10,6,43,3,2,2021,robinje01
387,Mitchell Robinson,C,22,NYK,27,778,0.0,0.0,0.0,0.0,1.0,-1.5,-4.6,0,9,49,11,24,2,30,4,11,2021,robinmi01
388,Isaiah Roby,PF,22,OKC,20,398,0.0,0.0,0.1,0.39,0.51,-12.1,-9.4,6,7,26,3,16,5,66,3,6,2021,robyis01
389,Rajon Rondo,PG,34,ATL,14,214,0.79,0.21,0.0,0.0,0.0,-6.0,-7.4,12,4,3,2,1,2,136,0,3,2021,rondora01
390,Derrick Rose,PG,32,TOT,19,428,1.0,0.0,0.0,0.0,0.0,-2.5,-0.9,14,15,8,3,30,3,194,4,12,2021,rosede01
391,Terrence Ross,SG,29,ORL,27,776,0.25,0.61,0.14,0.0,0.0,-8.6,-4.7,20,12,21,8,26,2,136,4,16,2021,rosste01
392,Terry Rozier,SG,26,CHO,26,867,0.06,0.83,0.12,0.0,0.0,-2.9,-5.8,24,9,21,8,26,13,191,8,15,2021,roziete01
393,Ricky Rubio,PG,30,MIN,25,614,0.98,0.03,0.0,0.0,0.0,-8.4,-1.6,38,8,13,4,14,9,369,2,11,2021,rubiori01
394,D'Angelo Russell,PG,24,MIN,20,583,0.72,0.28,0.0,0.0,0.0,-16.1,-15.4,33,16,17,4,25,6,239,5,6,2021,russeda01
395,Domantas Sabonis,PF,24,IND,28,1010,0.0,0.0,0.0,0.61,0.39,-3.0,-16.7,33,27,36,18,74,2,380,21,27,2021,sabondo01
396,Luka Šamanić,PF,21,SAS,4,11,0.0,0.0,0.0,0.68,0.32,-7.3,-7.1,0,0,0,0,1,0,0,0,3,2021,samanlu01
397,JaKarr Sampson,PF,27,IND,13,78,0.0,0.0,0.39,0.41,0.2,20.1,19.8,1,1,6,0,6,1,0,2,1,2021,sampsja02
398,Dario Šarić,PF,26,PHO,9,167,0.0,0.0,0.0,0.14,0.86,21.0,19.7,6,4,9,2,8,1,25,2,7,2021,saricda01
399,Tomáš Satoranský,SG,29,CHI,15,293,0.0,0.15,0.65,0.2,0.0,5.7,8.8,17,5,10,0,10,5,172,4,4,2021,satorto01
400,Dennis Schröder,SG,27,LAL,28,869,0.21,0.72,0.07,0.0,0.0,6.9,0.1,38,13,18,5,39,17,290,10,24,2021,schrode01
401,Mike Scott,PF,32,PHI,10,182,0.0,0.0,0.02,0.94,0.04,-9.7,-14.8,2,1,9,1,2,1,3,1,2,2021,scottmi01
402,Collin Sexton,SG,22,CLE,24,847,0.46,0.54,0.0,0.0,0.0,-6.8,5.0,22,21,26,10,54,14,237,16,33,2021,sextoco01
403,Landry Shamet,SG,23,BRK,25,466,0.34,0.49,0.12,0.05,0.0,-7.5,-17.1,8,4,13,4,11,4,78,1,9,2021,shamela01
404,Pascal Siakam,PF,26,TOR,24,856,0.0,0.0,0.0,0.86,0.14,1.7,0.3,25,12,28,12,59,2,278,12,25,2021,siakapa01
405,Chris Silva,PF,24,MIA,6,53,0.0,0.0,0.0,0.67,0.33,-8.4,-5.1,2,2,7,2,4,1,14,0,1,2021,silvach01
406,Ben Simmons,PG,24,PHI,25,835,1.0,0.0,0.0,0.0,0.0,6.5,9.4,38,20,35,19,57,8,510,12,20,2021,simmobe01
407,Anfernee Simons,SG,21,POR,23,404,0.57,0.43,0.0,0.0,0.0,-11.4,-17.2,9,4,25,1,8,0,71,1,10,2021,simonan01
408,Deividas Sirvydis,SG,20,DET,4,5,0.0,0.56,0.44,0.0,0.0,37.5,41.8,0,0,0,0,0,0,3,0,0,2021,sirvyde01
409,Marcus Smart,PG,26,BOS,17,549,0.58,0.42,0.0,0.0,0.0,-0.4,-1.3,17,9,18,2,25,8,244,3,7,2021,smartma01
410,Dennis Smith Jr.,PG,23,TOT,6,69,0.95,0.06,0.0,0.0,0.0,-0.4,1.4,2,2,2,0,3,0,25,0,1,2021,smithde03
411,Ish Smith,PG,32,WAS,19,391,1.0,0.0,0.0,0.0,0.0,2.2,12.3,10,7,10,1,8,12,223,1,4,2021,smithis01
412,Jalen Smith,PF,20,PHO,8,50,0.0,0.0,0.0,0.67,0.33,-5.6,-10.0,0,0,2,1,1,0,5,0,0,2021,smithja04
413,Tony Snell,SG,29,ATL,14,176,0.0,0.46,0.54,0.01,0.0,-4.5,-5.4,2,2,5,0,0,0,33,0,2,2021,snellto01
414,Ray Spalding,F,23,HOU,2,19,1.0,0.0,0.0,0.0,0.0,-23.7,-22.1,2,1,2,0,1,0,0,0,0,2021,spaldra01
415,Cassius Stanley,SG,21,IND,8,23,0.01,0.31,0.45,0.24,0.0,-5.7,-7.2,1,0,4,0,2,0,0,0,3,2021,stanlca01
416,Lamar Stevens,PF,23,CLE,18,265,0.0,0.11,0.44,0.44,0.02,-13.2,-5.4,4,2,15,0,12,1,47,1,7,2021,stevela01
417,Isaiah Stewart,C,19,DET,25,451,0.0,0.0,0.0,0.0,1.0,1.7,8.9,5,5,29,6,14,4,36,4,12,2021,stewais01
418,Max Strus,SF,24,MIA,16,235,0.05,0.54,0.41,0.0,0.0,-13.1,-11.8,1,1,11,0,3,3,20,0,1,2021,strusma01
419,Edmond Sumner,SG,25,IND,16,150,0.01,0.67,0.32,0.0,0.0,-3.5,-5.6,4,1,6,2,8,2,21,2,4,2021,sumneed01
420,Jae'Sean Tate,SF,25,HOU,27,730,0.01,0.13,0.65,0.22,0.0,-0.2,4.0,11,10,39,5,15,10,122,3,15,2021,tateja01
421,Jayson Tatum,SF,22,BOS,21,742,0.0,0.07,0.75,0.18,0.0,4.4,10.2,30,6,12,8,35,3,234,10,26,2021,tatumja01
422,Jeff Teague,PG,32,BOS,23,388,0.9,0.1,0.0,0.0,0.0,5.1,7.0,15,6,12,0,13,2,105,1,7,2021,teaguje01
423,Garrett Temple,SG,34,CHI,25,681,0.34,0.65,0.02,0.0,0.0,5.6,14.7,14,4,30,1,8,6,124,4,6,2021,templga01
424,Tyrell Terry,PG,20,DAL,11,56,1.0,0.0,0.0,0.0,0.0,-1.6,0.1,2,0,2,0,0,1,13,0,0,2021,terryty01
425,Daniel Theis,C,28,BOS,26,623,0.0,0.0,0.0,0.0,1.0,2.1,3.8,13,4,42,9,15,6,88,3,7,2021,theisda01
426,Brodric Thomas,SG,24,HOU,4,24,0.77,0.09,0.14,0.0,0.0,21.2,23.6,1,2,1,1,3,0,8,1,0,2021,thomabr01
427,Matt Thomas,SG,26,TOR,13,78,0.09,0.89,0.02,0.0,0.0,-12.5,-15.1,0,1,5,0,1,0,14,1,1,2021,thomama02
428,Tristan Thompson,PF,29,BOS,24,531,0.0,0.0,0.0,0.41,0.59,-2.4,-4.6,9,4,30,4,23,0,50,7,12,2021,thomptr01
429,Sindarius Thornwell,SG,26,NOP,9,48,0.4,0.6,0.0,0.0,0.0,28.0,30.4,1,0,1,0,0,0,5,0,1,2021,thornsi01
430,Matisse Thybulle,SG,23,PHI,25,430,0.19,0.55,0.24,0.03,0.0,2.0,-1.5,5,1,18,1,5,3,42,2,0,2021,thybuma01
431,Xavier Tillman Sr.,PF,22,MEM,17,364,0.0,0.0,0.1,0.69,0.21,1.9,2.2,6,2,30,3,9,0,67,4,9,2021,tillmxa01
432,Obi Toppin,PF,22,NYK,19,228,0.0,0.0,0.0,1.0,0.0,-2.1,-3.2,6,1,8,2,6,0,23,2,4,2021,toppiob01
433,Juan Toscano-Anderson,SG,27,GSW,15,328,0.0,0.64,0.32,0.05,0.0,3.3,2.2,8,3,14,5,6,5,74,2,5,2021,toscaju01
434,Karl-Anthony Towns,C,25,MIN,7,228,0.0,0.0,0.0,0.0,1.0,2.6,12.3,7,4,10,7,13,5,61,1,7,2021,townska01
435,Gary Trent Jr.,SG,22,POR,24,713,0.06,0.81,0.14,0.0,0.0,0.5,0.6,7,4,18,4,16,6,80,3,10,2021,trentga02
436,P.J. Tucker,PF,35,HOU,26,780,0.0,0.0,0.0,0.83,0.17,-4.5,-6.2,11,3,36,7,3,12,90,0,5,2021,tuckepj01
437,Myles Turner,C,24,IND,26,812,0.0,0.0,0.0,0.0,1.0,3.4,4.8,14,5,61,13,39,2,62,7,10,2021,turnemy01
438,Jonas Valančiūnas,C,28,MEM,17,466,0.0,0.0,0.0,0.0,1.0,1.9,2.5,8,16,29,13,33,2,85,3,13,2021,valanjo01
439,Denzel Valentine,SG,27,CHI,22,436,0.0,0.25,0.66,0.09,0.0,7.8,13.3,9,0,13,0,1,2,94,0,5,2021,valende01
440,Jarred Vanderbilt,PF,21,MIN,25,470,0.0,0.0,0.01,0.57,0.43,-8.1,-0.7,12,6,21,4,25,4,111,7,16,2021,vandeja01
441,Fred VanVleet,SG,26,TOR,27,981,0.37,0.63,0.0,0.0,0.0,4.1,9.7,31,15,24,5,35,7,451,6,29,2021,vanvlfr01
442,Devin Vassell,SF,20,SAS,26,451,0.01,0.49,0.5,0.0,0.0,3.7,6.1,5,3,19,0,11,1,70,3,3,2021,vassede01
443,Gabe Vincent,PG,24,MIA,17,281,0.47,0.5,0.03,0.0,0.0,-2.6,1.1,12,4,16,1,8,5,64,3,6,2021,vincega01
444,Noah Vonleh,F,25,BRK,3,8,0.42,0.58,0.0,0.0,0.0,-46.7,-50.9,0,1,0,1,0,0,3,0,1,2021,vonleno01
445,Nikola Vučević,C,30,ORL,28,936,0.0,0.0,0.0,0.0,1.0,-11.0,-14.1,19,18,21,4,27,0,233,5,17,2021,vucevni01
446,Dean Wade,PF,24,CLE,23,192,0.0,0.0,0.19,0.62,0.19,-12.0,-3.7,6,3,10,1,1,1,22,1,1,2021,wadede01
447,Moritz Wagner,C,23,WAS,13,188,0.0,0.0,0.0,0.01,0.99,11.7,21.1,3,1,23,2,11,7,32,3,6,2021,wagnemo01
448,Kemba Walker,PG,30,BOS,12,333,1.0,0.0,0.0,0.0,0.0,-6.5,-9.2,14,9,8,0,13,5,116,2,21,2021,walkeke02
449,Lonnie Walker,SG,22,SAS,25,666,0.03,0.91,0.05,0.0,0.0,-8.0,-16.1,9,7,30,3,19,3,102,7,10,2021,walkelo01
450,John Wall,PG,30,HOU,18,555,0.98,0.02,0.0,0.0,0.0,-0.9,1.8,37,16,15,4,40,2,284,7,19,2021,walljo01
451,Brad Wanamaker,PG,31,GSW,28,455,0.58,0.41,0.01,0.0,0.0,1.3,-0.5,12,4,20,2,22,6,186,6,14,2021,wanambr01
452,T.J. Warren,SF,27,IND,4,117,0.0,0.02,0.75,0.23,0.0,1.3,-0.1,0,3,7,1,7,2,13,4,2,2021,warretj01
453,P.J. Washington,PF,22,CHO,24,691,0.0,0.0,0.0,0.52,0.48,1.5,4.7,25,12,36,9,31,5,184,1,23,2021,washipj01
454,Yuta Watanabe,SF,26,TOR,18,223,0.0,0.0,0.51,0.45,0.04,1.8,0.2,1,2,12,0,2,2,17,0,4,2021,watanyu01
455,Tremont Waters,PG,23,BOS,9,90,1.0,0.0,0.0,0.0,0.0,-12.3,-13.6,12,1,2,0,2,0,59,0,1,2021,watertr01
456,Paul Watson,SF,26,TOR,13,42,0.0,0.11,0.47,0.37,0.05,-24.6,-27.2,0,0,5,1,0,0,6,0,1,2021,watsopa01
457,Quinndary Weatherspoon,SG,24,SAS,5,24,0.85,0.15,0.0,0.0,0.0,-76.9,-78.2,3,0,3,1,1,0,6,0,2,2021,weathqu01
458,Russell Westbrook,PG,32,WAS,18,591,0.62,0.34,0.04,0.0,0.0,-9.1,-6.1,57,20,14,5,45,2,408,10,17,2021,westbru01
459,Coby White,PG,20,CHI,26,880,0.96,0.04,0.0,0.0,0.0,-4.3,-10.8,26,20,27,7,26,12,344,7,26,2021,whiteco01
460,Derrick White,SG,26,SAS,8,189,0.06,0.74,0.2,0.0,0.0,10.5,12.5,3,3,5,0,7,5,70,1,9,2021,whitede01
461,Hassan Whiteside,C,31,SAC,20,296,0.0,0.0,0.0,0.0,1.0,-6.0,-0.9,5,4,22,5,27,3,22,5,9,2021,whiteha01
462,Andrew Wiggins,PF,25,GSW,28,896,0.0,0.0,0.47,0.5,0.03,0.5,-3.2,17,12,40,8,52,4,158,14,20,2021,wiggian01
463,Grant Williams,PF,22,BOS,23,440,0.0,0.0,0.14,0.83,0.03,-5.7,-9.2,12,5,35,3,7,4,51,3,7,2021,willigr01
464,Kenrich Williams,PF,26,OKC,26,468,0.01,0.09,0.73,0.16,0.01,0.1,9.3,11,5,15,4,9,4,105,3,10,2021,willike04
465,Lou Williams,PG,34,LAC,27,590,1.0,0.0,0.0,0.0,0.0,6.2,-3.2,30,5,7,1,37,4,256,8,17,2021,willilo02
466,Patrick Williams,PF,19,CHI,25,690,0.0,0.0,0.4,0.61,0.0,-5.2,-9.0,5,13,28,8,29,6,68,6,18,2021,willipa01
467,Robert Williams,C,23,BOS,19,278,0.0,0.0,0.0,0.15,0.85,-3.3,-4.6,10,4,23,3,12,0,29,4,1,2021,williro04
468,Zion Williamson,PF,20,NOP,25,818,0.0,0.0,0.0,0.87,0.14,-0.6,1.9,14,18,33,17,102,0,186,30,50,2021,willizi01
469,D.J. Wilson,PF,24,MIL,10,94,0.0,0.0,0.0,0.58,0.42,-10.7,-19.9,1,1,9,1,1,0,8,0,2,2021,wilsodj01
470,Dylan Windler,SF,24,CLE,15,262,0.0,0.5,0.42,0.08,0.0,-5.3,4.4,8,5,13,1,7,1,43,1,2,2021,windldy01
471,Cassius Winston,PG,22,WAS,6,44,1.0,0.0,0.0,0.0,0.0,-23.7,-18.2,1,0,2,0,0,0,12,0,0,2021,winstca01
472,James Wiseman,C,19,GSW,20,419,0.0,0.0,0.0,0.0,1.0,-6.5,-11.9,7,7,43,9,26,2,35,5,13,2021,wisemja01
473,Christian Wood,C,25,HOU,17,530,0.0,0.0,0.0,0.01,0.99,3.2,8.6,14,5,20,5,37,5,55,13,13,2021,woodch01
474,Robert Woodard,SF,21,SAC,6,17,0.0,0.0,0.31,0.53,0.16,15.4,21.0,1,0,0,0,1,0,0,0,0,2021,woodaro01
475,Delon Wright,SG,28,DET,27,785,0.83,0.17,0.0,0.0,0.0,-2.0,5.0,18,10,11,2,24,9,338,3,14,2021,wrighde01
476,Thaddeus Young,PF,32,CHI,22,568,0.0,0.0,0.0,0.55,0.45,7.5,15.4,25,12,39,3,21,15,227,13,5,2021,youngth01
477,Trae Young,PG,22,ATL,25,866,0.95,0.05,0.0,0.0,0.0,3.7,10.6,68,25,18,6,82,8,548,12,35,2021,youngtr01
478,Cody Zeller,C,28,CHO,15,361,0.0,0.0,0.0,0.0,1.0,0.9,2.3,6,4,17,4,14,7,95,3,12,2021,zelleco01
479,Ivica Zubac,C,23,LAC,29,564,0.0,0.0,0.0,0.0,1.0,1.4,-11.3,7,8,49,9,32,0,74,3,18,2021,zubaciv01
