,Rk,Player,Pos,Age,Tm,G,MP,PG_Pc,SG_Pc,SF_Pc,PF_Pc,C_Pc,PMP100_OnCourt,PMP100_On_Off,BadPassTO,LostBallTO,FoulC_Shoot,FoulC_Off,FoulD_Shoot,FoulD_Off,PGA,And1,Blkd,Season
0,1,Quincy Acy,SF,23,TOT,63,847,,16%,77%,7%,,-6.7,-7.7,10,7,70,8,24,2,64,5,10,2014
1,1,Quincy Acy,SF,23,TOR,7,61,,,52%,48%,,-14.8,-18.8,0,1,3,1,3,0,11,0,0,2014
2,1,Quincy Acy,SF,23,SAC,56,786,,17%,79%,3%,,-6.0,-3.6,10,6,67,7,21,2,53,5,10,2014
3,2,Steven Adams,C,20,OKC,81,1197,,,,1%,99%,3.4,-4.9,13,26,68,29,51,2,97,5,13,2014
4,3,Jeff Adrien,PF,27,TOT,53,961,,,5%,94%,1%,-4.0,0.6,13,11,49,6,51,7,82,14,27,2014
5,3,Jeff Adrien,PF,27,CHA,25,256,,,20%,80%,,-0.8,-0.7,1,2,16,3,8,4,15,4,3,2014
6,3,Jeff Adrien,PF,27,MIL,28,705,,,,99%,1%,-5.3,4.4,12,9,33,3,43,3,67,10,24,2014
7,4,Arron Afflalo,SG,28,ORL,73,2552,,49%,51%,1%,,-7.6,-5.0,53,42,51,20,132,14,571,31,59,2014
8,5,Alexis Ajinça,C,25,NOP,56,951,,,,,100%,-5.6,-4.0,16,18,86,19,31,5,88,7,16,2014
9,6,Cole Aldrich,C,25,NYK,46,330,,,,,100%,-1.9,-0.9,3,6,24,6,12,1,33,2,4,2014
10,7,LaMarcus Aldridge,PF,28,POR,69,2498,,,,89%,11%,7.2,8.9,33,39,80,28,153,1,446,37,41,2014
11,8,Lavoy Allen,PF,24,TOT,65,1072,,,,60%,40%,-8.8,-6.5,20,9,74,13,16,2,168,2,11,2014
12,8,Lavoy Allen,PF,24,PHI,51,960,,,1%,67%,33%,-9.1,2.1,19,8,67,12,15,1,152,2,9,2014
13,8,Lavoy Allen,PF,24,IND,14,112,,,,,100%,-6.5,-11.6,1,1,7,1,1,1,16,0,2,2014
14,9,Ray Allen*,SG,38,MIA,73,1936,,61%,39%,,,3.5,-3.5,44,25,61,7,27,5,343,7,9,2014
15,10,Tony Allen,SG,32,MEM,55,1278,23%,74%,3%,,,5.3,4.7,43,26,41,10,59,5,202,15,35,2014
16,11,Al-Farouq Aminu,SF,23,NOP,80,2045,,,76%,23%,,-4.4,-3.7,34,26,75,18,65,8,246,10,47,2014
17,12,Lou Amundson,PF,31,TOT,19,185,,,,88%,12%,-6.2,-6.1,3,2,28,7,6,2,16,0,5,2014
18,12,Lou Amundson,PF,31,NOP,18,184,,,,88%,12%,-5.1,-2.7,3,2,28,7,6,2,16,0,5,2014
19,12,Lou Amundson,PF,31,CHI,1,1,,,,100%,,-133.3,-135.5,0,0,0,0,0,0,0,0,0,2014
20,13,Chris Andersen,C,35,MIA,72,1396,,,,28%,72%,6.5,1.8,11,13,98,17,63,7,44,12,16,2014
21,14,Alan Anderson,SF,31,BRK,78,1773,,26%,73%,1%,,0.0,1.3,34,14,64,7,50,25,191,12,24,2014
22,15,James Anderson,SG,24,PHI,80,2309,1%,74%,25%,1%,,-11.2,-1.3,47,30,97,16,43,4,353,10,39,2014
23,16,Ryan Anderson,PF,25,NOP,22,795,,,,83%,17%,1.6,5.3,3,12,25,3,23,0,38,3,13,2014
24,17,Giannis Antetokounmpo,SF,19,MIL,77,1897,,1%,74%,24%,,-5.2,7.2,45,31,71,22,76,10,337,8,29,2014
25,18,Carmelo Anthony,PF,29,NYK,77,2982,,,38%,62%,1%,1.2,9.0,72,52,90,40,203,11,588,41,71,2014
26,19,Joel Anthony,C,31,TOT,33,186,,,,40%,60%,-4.9,-5.1,0,0,13,2,3,0,6,0,2,2014
27,19,Joel Anthony,C,31,MIA,12,37,,,,9%,91%,12.1,6.8,0,0,1,1,0,0,0,0,0,2014
28,19,Joel Anthony,C,31,BOS,21,149,,,,48%,52%,-8.9,-4.0,0,0,12,1,3,0,6,0,2,2014
29,20,Pero Antić,C,31,ATL,50,925,,,,9%,91%,5.3,7.3,19,11,60,12,22,3,136,3,12,2014
30,Rk,Player,Pos,Age,Tm,G,MP,PG%,SG%,SF%,PF%,C%,OnCourt,On-Off,BadPass,LostBall,Shoot,Off.,Shoot,Off.,PGA,And1,Blkd,2014
31,21,Trevor Ariza,SF,28,WAS,77,2723,,2%,92%,6%,,3.5,7.3,60,37,67,22,75,12,432,13,46,2014
32,22,Hilton Armstrong,C,29,GSW,15,97,,,,15%,85%,9.5,4.6,2,1,4,3,7,0,10,1,2,2014
33,23,Darrell Arthur,SF,25,DEN,68,1161,,,27%,71%,2%,2.8,7.1,29,10,91,15,25,10,139,3,15,2014
34,24,Ömer Aşık,C,27,HOU,48,968,,,,,100%,3.9,-1.2,12,10,45,16,58,2,67,8,30,2014
35,25,D.J. Augustin,PG,26,TOT,71,1939,100%,,,,,1.3,-2.0,70,29,57,13,65,23,699,12,51,2014
36,25,D.J. Augustin,PG,26,TOR,10,82,100%,,,,,-7.9,-11.8,2,4,4,1,1,1,25,0,3,2014
37,25,D.J. Augustin,PG,26,CHI,61,1857,100%,,,,,1.8,-0.6,68,25,53,12,64,22,674,12,48,2014
38,26,Gustavo Ayón,C,28,ATL,26,429,,,,,100%,-2.2,-2.2,9,6,21,10,9,3,65,0,14,2014
39,27,Jeff Ayres,PF,26,SAS,73,952,,,4%,48%,48%,7.0,-1.6,24,12,70,20,28,6,141,4,16,2014
40,28,Chris Babb,SG,23,BOS,14,132,,62%,38%,,,-5.9,-0.8,2,0,6,0,0,0,6,0,0,2014
41,29,Luke Babbitt,PF,24,NOP,27,473,,,7%,89%,5%,6.5,10.3,6,6,21,3,6,2,68,0,8,2014
42,30,Leandro Barbosa,PG,31,PHO,20,368,47%,53%,,,,6.3,4.2,5,6,9,3,18,1,80,4,10,2014
43,31,J.J. Barea,PG,29,MIN,79,1471,100%,,,,,-3.4,-9.3,78,27,40,12,38,18,674,9,43,2014
44,32,Andrea Bargnani,C,28,NYK,42,1257,,,,22%,78%,-6.6,-8.1,18,17,38,14,49,11,105,10,19,2014
45,33,Harrison Barnes,SF,21,GSW,78,2204,,,44%,52%,4%,-1.2,-14.0,21,29,74,17,83,16,275,11,40,2014
46,34,Matt Barnes,SF,33,LAC,63,1735,,1%,82%,17%,,9.4,4.3,53,17,101,4,35,3,281,5,27,2014
47,35,Will Barton,SG,23,POR,41,387,,68%,31%,,,-2.6,-7.2,8,5,15,0,11,3,77,2,7,2014
48,36,Brandon Bass,PF,28,BOS,82,2266,,,,97%,2%,-8.1,-7.0,28,36,97,22,107,6,201,20,48,2014
49,37,Shane Battier,SF,35,MIA,73,1468,,3%,88%,9%,,7.6,3.6,15,4,83,1,7,5,156,1,6,2014
50,38,Nicolas Batum,SF,25,POR,82,2956,,5%,88%,8%,,5.2,5.4,138,30,58,16,75,15,946,15,18,2014
51,39,Jerryd Bayless,PG,25,TOT,72,1686,39%,59%,2%,,,-4.0,-3.0,52,14,71,7,35,9,444,9,21,2014
52,39,Jerryd Bayless,PG,25,MEM,31,650,61%,39%,,,,2.1,0.0,14,4,31,1,18,3,152,5,8,2014
53,39,Jerryd Bayless,PG,25,BOS,41,1036,25%,72%,4%,,,-7.6,-3.4,38,10,40,6,17,6,292,4,13,2014
54,40,Aron Baynes,C,27,SAS,53,491,,,,10%,90%,3.8,-5.0,12,8,32,8,10,2,77,2,17,2014
55,Rk,Player,Pos,Age,Tm,G,MP,PG%,SG%,SF%,PF%,C%,OnCourt,On-Off,BadPass,LostBall,Shoot,Off.,Shoot,Off.,PGA,And1,Blkd,2014
56,41,Kent Bazemore,SG,24,TOT,67,911,9%,41%,51%,,,-12.3,-13.3,40,24,55,3,48,10,209,4,13,2014
57,41,Kent Bazemore,SG,24,GSW,44,268,16%,68%,16%,,,-22.4,-29.4,9,10,20,1,16,2,47,0,3,2014
58,41,Kent Bazemore,SG,24,LAL,23,643,6%,30%,65%,,,-8.3,-2.7,31,14,35,2,32,8,162,4,10,2014
59,42,Bradley Beal,SG,20,WAS,73,2530,9%,90%,1%,,,2.3,2.8,64,42,94,5,70,19,543,13,40,2014
60,43,Michael Beasley,SF,25,MIA,55,831,,3%,66%,31%,,-2.1,-9.4,20,15,57,10,38,1,97,10,18,2014
61,44,Marco Belinelli,SF,27,SAS,80,2016,,26%,68%,6%,,7.4,-1.7,55,23,52,9,48,16,419,19,31,2014
62,45,Anthony Bennett,PF,20,CLE,52,663,,,13%,86%,,-6.3,-3.4,10,10,35,16,32,2,37,3,15,2014
63,46,Patrick Beverley,PG,25,HOU,56,1751,93%,7%,,,,8.7,6.8,33,14,61,10,32,19,356,5,31,2014
64,47,Andris Biedriņš,C,27,UTA,6,45,,,,9%,91%,-3.4,4.6,1,0,1,1,0,1,0,0,0,2014
65,48,Chauncey Billups,SG,37,DET,19,309,25%,75%,,,,-8.4,-4.7,12,8,10,3,3,0,94,0,2,2014
66,49,Bismack Biyombo,C,21,CHA,77,1072,,,,39%,61%,-2.2,-2.8,4,15,56,11,38,3,18,9,21,2014
67,50,DeJuan Blair,PF,24,DAL,78,1214,,,,65%,35%,1.0,-2.0,28,25,84,13,63,3,168,17,46,2014
68,51,Steve Blake,PG,33,TOT,55,1498,95%,5%,,,,-5.3,-5.8,76,17,26,1,9,10,704,3,7,2014
69,51,Steve Blake,PG,33,LAL,27,891,91%,9%,,,,-6.1,0.0,58,11,13,0,7,7,468,2,6,2014
70,51,Steve Blake,PG,33,GSW,28,607,100%,,,,,-4.0,-10.6,18,6,13,1,2,3,236,1,1,2014
71,52,Andray Blatche,PF,27,BRK,73,1618,,,,33%,67%,0.7,2.3,27,36,80,13,102,6,279,25,43,2014
72,53,Eric Bledsoe,PG,24,PHO,43,1416,96%,4%,,,,4.3,2.8,81,44,47,8,87,7,564,21,28,2014
73,54,Vander Blue,SG,21,BOS,3,15,27%,73%,,,,13.6,18.7,0,1,1,0,2,0,2,1,0,2014
74,55,Keith Bogans,SG,33,BOS,6,55,,50%,50%,,,-4.7,0.4,0,0,0,1,0,1,7,0,1,2014
75,56,Andrew Bogut,C,29,GSW,67,1769,,,,,100%,9.2,7.7,42,15,108,29,24,18,263,6,14,2014
76,57,Matt Bonner,PF,33,SAS,61,690,,,,65%,35%,6.3,-2.2,7,1,24,4,6,2,77,0,3,2014
77,58,Trevor Booker,PF,26,WAS,72,1553,,,,98%,2%,-1.2,-4.0,22,18,65,9,37,3,157,10,19,2014
78,59,Carlos Boozer,PF,32,CHI,76,2141,,,,73%,27%,-1.6,-8.1,51,47,100,35,92,3,272,17,89,2014
79,60,Chris Bosh,C,29,MIA,79,2531,,,,6%,94%,9.0,10.2,52,44,77,14,127,8,206,23,32,2014
80,Rk,Player,Pos,Age,Tm,G,MP,PG%,SG%,SF%,PF%,C%,OnCourt,On-Off,BadPass,LostBall,Shoot,Off.,Shoot,Off.,PGA,And1,Blkd,2014
81,61,Avery Bradley,SG,23,BOS,60,1855,70%,30%,,,,-3.3,3.3,48,31,55,4,51,12,188,11,43,2014
82,62,Elton Brand,C,34,ATL,73,1414,,,,1%,99%,-1.0,-1.1,19,22,111,9,44,8,178,10,14,2014
83,63,Corey Brewer,SF,27,MIN,81,2609,,12%,87%,1%,,5.7,9.7,41,39,87,11,104,20,307,30,43,2014
84,64,Ronnie Brewer,SF,28,TOT,24,160,,19%,79%,2%,,-11.6,-15.4,2,0,2,0,1,1,26,0,0,2014
85,64,Ronnie Brewer,SF,28,HOU,23,158,,19%,79%,2%,,-10.6,-16.0,2,0,2,0,1,1,26,0,0,2014
86,64,Ronnie Brewer,SF,28,CHI,1,2,,,100%,,,-70.0,-72.1,0,0,0,0,0,0,0,0,0,2014
87,65,Aaron Brooks,PG,29,TOT,72,1557,100%,,,,,-2.7,-4.9,69,35,59,5,30,12,546,2,37,2014
88,65,Aaron Brooks,PG,29,HOU,43,716,100%,,,,,-1.1,-7.3,30,11,32,4,15,6,205,0,15,2014
89,65,Aaron Brooks,PG,29,DEN,29,841,100%,,,,,-3.9,-2.2,39,24,27,1,15,6,341,2,22,2014
90,66,MarShon Brooks,SG,25,TOT,35,316,6%,64%,30%,,,3.8,6.1,6,9,6,1,17,4,55,4,7,2014
91,66,MarShon Brooks,SG,25,BOS,10,73,,39%,61%,,,6.7,12.0,3,3,1,0,3,0,8,0,1,2014
92,66,MarShon Brooks,SG,25,GSW,7,15,13%,88%,,,,8.6,3.7,0,0,0,0,0,0,0,0,0,2014
93,66,MarShon Brooks,SG,25,LAL,18,228,8%,70%,22%,,,2.6,9.2,3,6,5,1,14,4,47,4,6,2014
94,67,Lorenzo Brown,PG,23,PHI,26,224,99%,1%,,,,-1.3,10.0,6,3,7,3,6,2,96,1,10,2014
95,68,Shannon Brown,SG,28,TOT,29,251,,94%,6%,,,-11.9,-16.1,5,6,16,1,5,1,20,1,2,2014
96,68,Shannon Brown,SG,28,SAS,10,103,,87%,13%,,,-14.5,-23.3,3,1,8,0,2,0,11,1,2,2014
97,68,Shannon Brown,SG,28,NYK,19,148,,100%,,,,-10.0,-9.4,2,5,8,1,3,1,9,0,0,2014
98,69,Kobe Bryant*,SG,35,LAL,6,177,27%,55%,18%,,,-9.6,-3.7,30,3,5,1,8,0,83,0,5,2014
99,70,Chase Budinger,SF,25,MIN,41,751,,50%,50%,,,-0.7,-3.9,12,6,27,1,19,3,70,3,9,2014
100,71,Reggie Bullock,SF,22,LAC,43,395,,30%,67%,3%,,-1.3,-9.3,6,3,15,1,4,1,27,1,2,2014
101,72,Trey Burke,PG,21,UTA,70,2262,100%,,,,,-6.1,4.5,85,32,69,7,34,10,892,8,29,2014
102,73,Alec Burks,SG,22,UTA,78,2193,6%,89%,5%,,,-7.3,1.4,63,48,91,18,156,20,481,37,67,2014
103,74,Caron Butler,SF,33,TOT,56,1419,,22%,72%,6%,,-6.1,-6.3,27,13,52,11,24,4,192,3,13,2014
104,74,Caron Butler,SF,33,MIL,34,821,,23%,71%,5%,,-12.4,-4.3,22,11,22,10,18,2,130,3,10,2014
105,74,Caron Butler,SF,33,OKC,22,598,,20%,74%,6%,,2.2,-5.5,5,2,30,1,6,2,62,0,3,2014
106,75,Jimmy Butler,SG,24,CHI,67,2591,,71%,29%,,,4.4,6.5,48,25,52,13,148,17,394,22,49,2014
107,76,Rasual Butler,SG,34,IND,50,378,5%,69%,24%,2%,,-4.7,-10.4,8,2,19,0,5,0,39,0,1,2014
108,77,Dwight Buycks,PG,24,TOR,14,146,83%,17%,,,,1.5,-2.2,4,3,3,0,6,0,25,3,4,2014
109,78,Andrew Bynum,C,26,TOT,26,516,,,,,100%,-13.3,-14.9,10,4,18,8,27,0,64,7,12,2014
110,78,Andrew Bynum,C,26,CLE,24,480,,,,,100%,-13.4,-11.3,9,3,17,7,23,0,60,6,11,2014
111,78,Andrew Bynum,C,26,IND,2,36,,,,,100%,-12.7,-17.6,1,1,1,1,4,0,4,1,1,2014
112,79,Will Bynum,PG,31,DET,56,1054,80%,20%,,,,-5.4,-1.9,56,34,42,7,48,4,479,15,30,2014
113,80,Nick Calathes,SG,24,MEM,71,1173,17%,75%,8%,,,2.3,0.3,61,22,40,11,31,7,468,11,25,2014
114,Rk,Player,Pos,Age,Tm,G,MP,PG%,SG%,SF%,PF%,C%,OnCourt,On-Off,BadPass,LostBall,Shoot,Off.,Shoot,Off.,PGA,And1,Blkd,2014
115,81,José Calderón,PG,32,DAL,81,2468,95%,5%,,,,-0.9,-8.8,68,26,75,5,15,9,851,2,16,2014
116,82,Kentavious Caldwell-Pope,SG,20,DET,80,1583,6%,91%,3%,,,-1.5,4.3,12,8,83,5,27,7,126,8,18,2014
117,83,Isaiah Canaan,PG,22,HOU,22,252,91%,9%,,,,-7.0,-12.7,11,6,12,2,10,3,56,1,6,2014
118,84,DeMarre Carroll,SF,27,ATL,73,2341,,1%,95%,4%,,3.8,10.0,30,24,65,16,66,17,323,17,35,2014
119,85,Vince Carter,SG,37,DAL,81,1973,,30%,70%,,,2.7,0.5,66,16,124,19,66,9,476,14,24,2014
120,86,Michael Carter-Williams,PG,22,PHI,70,2414,97%,3%,,,,-9.3,3.6,144,65,83,18,147,23,1017,37,110,2014
121,87,Omri Casspi,PF,25,HOU,71,1283,,,20%,78%,2%,5.1,0.5,29,21,57,8,38,3,210,6,22,2014
122,88,Mario Chalmers,PG,27,MIA,73,2178,80%,20%,,,,6.9,3.5,82,48,68,17,71,24,791,15,38,2014
123,89,Tyson Chandler,C,31,NYK,55,1662,,,,,100%,0.7,3.0,18,18,73,19,70,1,140,19,19,2014
124,90,Wilson Chandler,SF,26,DEN,62,1927,,6%,83%,11%,,-4.8,-5.1,31,16,97,17,63,2,266,13,32,2014
125,91,Josh Childress,SF,30,NOP,4,24,,,84%,16%,,29.9,32.7,0,1,0,0,0,0,4,0,0,2014
126,92,Dionte Christmas,SF,27,PHO,31,198,,33%,59%,8%,,-4.5,-7.4,2,2,8,0,9,1,19,0,4,2014
127,93,Earl Clark,PF,26,TOT,54,768,,,2%,91%,7%,-8.3,-6.7,13,8,45,2,17,2,38,2,15,2014
128,93,Earl Clark,PF,26,CLE,45,698,,,2%,92%,7%,-10.1,-8.1,12,8,41,2,12,1,33,2,15,2014
129,93,Earl Clark,PF,26,NYK,9,70,,,7%,81%,12%,9.8,11.1,1,0,4,0,5,1,5,0,0,2014
130,94,Ian Clark,SG,22,UTA,23,172,9%,76%,15%,,,4.3,12.8,8,1,17,1,1,0,32,0,5,2014
131,95,Victor Claver,SF,25,POR,21,184,,,4%,82%,14%,7.1,3.4,7,2,7,1,3,1,27,1,2,2014
132,96,Norris Cole,PG,25,MIA,82,2014,100%,,,,,3.5,-3.7,80,25,64,9,28,5,553,7,36,2014
133,97,Jason Collins,C,35,BRK,22,172,,,,,100%,-7.3,-6.9,1,1,18,4,2,0,9,1,2,2014
134,98,Darren Collison,PG,26,LAC,80,2069,69%,31%,,,,5.3,-3.6,73,31,63,9,94,14,697,21,39,2014
135,99,Nick Collison,PF,33,OKC,81,1353,,,10%,49%,41%,11.9,7.7,32,20,81,14,37,10,240,7,25,2014
136,100,Mike Conley,PG,26,MEM,73,2446,100%,,,,,2.6,1.4,86,51,70,8,109,27,958,21,50,2014
137,Rk,Player,Pos,Age,Tm,G,MP,PG%,SG%,SF%,PF%,C%,OnCourt,On-Off,BadPass,LostBall,Shoot,Off.,Shoot,Off.,PGA,And1,Blkd,2014
138,101,Chris Copeland,SF,29,IND,41,265,,,24%,74%,2%,-3.4,-8.6,7,4,28,0,8,0,43,2,6,2014
139,102,DeMarcus Cousins,C,23,SAC,71,2298,,,,,100%,-1.5,3.9,83,76,104,55,255,13,476,79,108,2014
140,103,Robert Covington,SF,23,HOU,7,34,,,53%,48%,,27.6,23.0,0,0,2,0,0,0,0,0,0,2014
141,104,Allen Crabbe,SG,21,POR,15,100,,2%,92%,6%,,-0.1,-4.1,1,2,6,0,2,0,15,1,2,2014
142,105,Jamal Crawford,SG,33,LAC,69,2094,,78%,22%,,,5.6,-3.1,68,41,46,7,120,7,496,26,17,2014
143,106,Jordan Crawford,SG-PG,25,TOT,81,1859,22%,76%,3%,,,-5.2,-6.8,59,40,56,20,56,5,648,13,21,2014
144,106,Jordan Crawford,PG,25,BOS,39,1198,22%,78%,,,,-4.2,1.3,40,28,34,9,37,4,515,8,12,2014
145,106,Jordan Crawford,SG,25,GSW,42,661,22%,71%,6%,,,-6.9,-14.3,19,12,22,11,19,1,133,5,9,2014
146,107,Jae Crowder,SF,23,DAL,78,1254,,1%,88%,11%,,12.3,14.5,18,11,51,7,29,7,140,6,13,2014
147,108,Dante Cunningham,PF,26,MIN,81,1635,,,4%,89%,7%,-0.5,-5.1,16,14,87,9,31,7,201,9,15,2014
148,109,Jared Cunningham,SG,22,TOT,13,80,33%,67%,,,,4.5,6.3,1,0,3,1,6,3,19,0,3,2014
149,109,Jared Cunningham,SG,22,ATL,5,22,,100%,,,,-4.7,-4.4,1,0,1,1,1,1,8,0,0,2014
150,109,Jared Cunningham,SG,22,SAC,8,58,45%,55%,,,,7.9,11.2,0,0,2,0,5,2,11,0,3,2014
151,110,Seth Curry,PG,23,TOT,2,13,100%,,,,,0.4,1.2,0,0,0,0,0,1,0,0,0,2014
152,110,Seth Curry,PG,23,MEM,1,4,100%,,,,,66.1,64.1,0,0,0,0,0,0,0,0,0,2014
153,110,Seth Curry,PG,23,CLE,1,9,100%,,,,,-26.3,-22.9,0,0,0,0,0,1,0,0,0,2014
154,111,Stephen Curry,PG,25,GSW,78,2846,93%,7%,,,,9.2,15.1,193,59,97,15,109,29,1485,33,34,2014
155,112,Samuel Dalembert,C,32,DAL,80,1614,,,,,100%,0.6,-3.0,19,29,104,23,62,7,91,8,36,2014
156,113,Troy Daniels,SG,22,HOU,5,75,,66%,34%,,,20.6,16.1,3,0,3,0,0,1,13,0,1,2014
157,114,Gigi Datome,SF,26,DET,34,238,,18%,82%,,,8.0,12.8,5,2,9,1,2,2,26,0,0,2014
158,115,Brandon Davies,PF,22,PHI,51,575,,,,38%,62%,-2.8,9.3,14,8,47,10,26,4,64,5,11,2014
159,116,Anthony Davis,PF,20,NOP,67,2358,,,,54%,47%,-1.8,1.9,31,27,110,30,195,16,238,43,68,2014
160,117,Ed Davis,PF,24,MEM,63,956,,,,49%,51%,4.1,2.7,8,15,59,11,47,1,59,11,25,2014
161,118,Glen Davis,PF,28,TOT,68,1662,,,,39%,61%,-5.5,-7.8,22,21,60,28,67,5,173,14,50,2014
162,118,Glen Davis,PF,28,ORL,45,1354,,,,46%,54%,-5.3,0.8,19,19,43,16,55,5,157,13,41,2014
163,118,Glen Davis,PF,28,LAC,23,308,,,,9%,91%,-6.5,-14.7,3,2,17,12,12,0,16,1,9,2014
164,119,Austin Daye,SF,25,TOT,22,148,,6%,34%,61%,,1.4,-4.6,4,0,12,0,4,0,17,1,1,2014
165,119,Austin Daye,SF,25,TOR,8,33,,,20%,80%,,-23.3,-27.2,0,0,2,0,2,0,5,1,0,2014
166,119,Austin Daye,SF,25,SAS,14,115,,7%,38%,55%,,9.0,0.8,4,0,10,0,2,0,12,0,1,2014
167,120,Nando De Colo,SF,26,TOT,47,494,,23%,75%,2%,,-0.2,-6.6,20,10,23,2,11,6,152,3,7,2014
168,120,Nando De Colo,SF,26,SAS,26,301,,33%,65%,3%,,-0.2,-9.0,13,4,10,2,8,4,73,2,5,2014
169,120,Nando De Colo,SF,26,TOR,21,193,,9%,91%,,,-0.4,-4.2,7,6,13,0,3,2,79,1,2,2014
170,Rk,Player,Pos,Age,Tm,G,MP,PG%,SG%,SF%,PF%,C%,OnCourt,On-Off,BadPass,LostBall,Shoot,Off.,Shoot,Off.,PGA,And1,Blkd,2014
171,121,Dewayne Dedmon,C,24,TOT,31,390,,,,9%,91%,-9.6,-5.9,5,6,38,3,16,4,12,4,4,2014
172,121,Dewayne Dedmon,C,24,GSW,4,6,,,,38%,63%,-46.2,-51.2,0,0,1,0,1,0,0,0,0,2014
173,121,Dewayne Dedmon,C,24,PHI,11,150,,,,10%,90%,-9.7,1.1,3,3,14,1,6,1,7,1,1,2014
174,121,Dewayne Dedmon,C,24,ORL,16,234,,,,8%,92%,-8.5,-2.9,2,3,23,2,9,3,5,3,3,2014
175,122,Matthew Dellavedova,SG,23,CLE,72,1271,28%,65%,7%,,,4.3,11.5,41,11,42,1,4,8,420,1,6,2014
176,123,Luol Deng,SF,28,TOT,63,2213,,16%,80%,4%,,0.0,1.1,51,34,53,10,111,12,410,25,62,2014
177,123,Luol Deng,SF,28,CHI,23,860,,42%,58%,,,3.0,1.1,28,11,25,8,48,5,186,11,15,2014
178,123,Luol Deng,SF,28,CLE,40,1353,,,94%,6%,,-1.8,2.6,23,23,28,2,63,7,224,14,47,2014
179,124,DeMar DeRozan,SG,24,TOR,79,3017,,21%,77%,2%,,3.6,-0.4,52,84,85,19,260,8,786,50,57,2014
180,125,Boris Diaw,PF,31,SAS,79,1974,,,3%,94%,3%,8.6,0.8,53,31,66,15,33,13,509,13,23,2014
181,126,Gorgui Dieng,C,24,MIN,60,818,,,,,100%,-3.0,-7.0,9,14,60,10,39,4,89,7,21,2014
182,127,Toney Douglas,PG,27,TOT,51,675,53%,47%,,,,-0.1,-5.7,26,1,32,2,14,3,159,2,13,2014
183,127,Toney Douglas,PG,27,GSW,24,265,100%,,,,,-13.4,-19.7,12,1,13,1,4,0,42,1,3,2014
184,127,Toney Douglas,PG,27,MIA,27,410,23%,77%,,,,9.5,4.6,14,0,19,1,10,3,117,1,10,2014
185,128,Chris Douglas-Roberts,SF,27,CHA,49,1016,,32%,68%,,,0.4,0.8,10,12,16,5,39,4,118,11,11,2014
186,129,Goran Dragić,SG,27,PHO,76,2668,52%,47%,1%,,,5.5,9.3,101,63,67,24,134,20,1093,30,60,2014
187,130,Andre Drummond,C,20,DET,81,2619,,,,,100%,-4.2,-0.7,22,31,129,24,141,13,79,26,44,2014
188,131,Jared Dudley,SF,28,LAC,74,1729,,,90%,10%,,5.9,-2.1,31,9,65,10,21,6,245,4,18,2014
189,132,Tim Duncan*,C,37,SAS,74,2158,,,,,100%,6.7,-3.2,76,50,78,15,160,4,485,31,66,2014
190,133,Mike Dunleavy,SF,33,CHI,82,2584,,,98%,2%,,3.2,3.2,70,19,72,12,54,14,403,6,21,2014
191,134,Kevin Durant,SF,25,OKC,81,3122,,4%,70%,26%,,8.0,6.0,123,115,94,22,301,8,1004,68,42,2014
192,135,Shane Edwards,SF,26,CLE,2,12,,,88%,12%,,-36.4,-33.0,0,0,0,0,0,0,0,0,1,2014
193,136,Wayne Ellington,SG,26,DAL,45,393,,65%,35%,,,-2.0,-4.9,5,5,20,0,5,4,45,2,5,2014
194,137,Monta Ellis,SG,28,DAL,82,3023,4%,95%,1%,,,0.4,-8.5,130,82,94,21,171,30,1105,36,44,2014
195,138,Melvin Ely,C,35,NOP,2,27,88%,12%,,,,-22.3,-19.9,0,0,4,0,0,0,0,0,0,2014
196,139,Jeremy Evans,SF,26,UTA,66,1209,,2%,51%,48%,,-6.6,2.0,19,8,65,9,32,9,100,11,23,2014
197,140,Reggie Evans,PF,33,TOT,54,899,,,,74%,26%,-6.8,-5.4,12,11,45,17,46,3,50,4,28,2014
198,140,Reggie Evans,PF,33,BRK,30,399,,,,65%,35%,-11.0,-11.5,5,5,17,9,28,3,11,3,15,2014
199,140,Reggie Evans,PF,33,SAC,24,500,,,,81%,19%,-3.4,-0.3,7,6,28,8,18,0,39,1,13,2014
200,Rk,Player,Pos,Age,Tm,G,MP,PG%,SG%,SF%,PF%,C%,OnCourt,On-Off,BadPass,LostBall,Shoot,Off.,Shoot,Off.,PGA,And1,Blkd,2014
201,141,Tyreke Evans,SF,24,NOP,72,2028,1%,27%,70%,2%,,-4.7,-4.3,69,48,54,20,140,8,835,37,103,2014
202,142,Kenneth Faried,PF,24,DEN,80,2178,,,23%,70%,7%,-3.1,-2.2,55,39,83,24,127,14,234,31,66,2014
203,143,Jordan Farmar,PG,27,LAL,41,912,100%,,,,,-4.6,1.9,63,16,24,8,20,11,478,6,15,2014
204,144,Vítor Luiz Faverani,C,25,BOS,37,488,,,,14%,86%,-10.0,-5.6,9,14,36,12,12,1,36,0,15,2014
205,145,Derrick Favors,PF,22,UTA,73,2201,,,,39%,62%,-8.3,-0.7,44,34,140,23,140,2,217,43,67,2014
206,146,Carrick Felix,SG,23,CLE,7,38,,62%,38%,,,5.0,8.6,1,2,2,0,2,2,8,0,1,2014
207,147,Raymond Felton,PG,29,NYK,65,2017,100%,,,,,0.2,2.5,81,36,63,6,48,20,880,5,31,2014
208,148,Landry Fields,SF,25,TOR,30,322,,7%,78%,15%,,-0.1,-4.1,5,2,13,0,12,2,47,3,6,2014
209,149,Derek Fisher,SG,39,OKC,81,1428,42%,51%,8%,,,8.8,3.1,31,13,42,2,23,42,255,5,7,2014
210,150,Evan Fournier,SG,21,DEN,76,1503,5%,57%,37%,1%,,0.4,4.1,40,26,74,15,43,7,256,11,28,2014
211,151,Randy Foye,SG,30,DEN,81,2485,17%,72%,11%,,,-3.1,-2.6,94,32,90,11,59,14,648,9,43,2014
212,152,Jamaal Franklin,SG,22,MEM,21,161,52%,48%,,,,5.9,4.0,5,1,10,1,1,1,15,0,3,2014
213,153,Jimmer Fredette,SG,24,TOT,49,519,68%,32%,,,,-2.5,-2.0,25,17,21,0,9,3,140,2,10,2014
214,153,Jimmer Fredette,SG,24,SAC,41,463,70%,30%,,,,-6.6,-3.9,23,15,17,0,9,3,133,2,8,2014
215,153,Jimmer Fredette,SG,24,CHI,8,56,50%,50%,,,,31.3,29.6,2,2,4,0,0,0,7,0,2,2014
216,154,Joel Freeland,C,26,POR,52,727,,,,7%,93%,1.9,-2.4,8,11,55,8,13,0,94,3,9,2014
217,155,Channing Frye,PF,30,PHO,82,2312,,,,59%,41%,5.7,7.7,34,14,118,29,29,13,240,7,15,2014
218,156,Francisco García,SF,32,HOU,55,1083,,34%,65%,1%,,2.1,-3.7,15,9,67,1,6,3,149,0,13,2014
219,157,Kevin Garnett*,C,37,BRK,54,1109,,,,23%,77%,-1.6,-1.2,31,11,47,18,22,4,191,3,9,2014
220,158,Diante Garrett,PG,25,UTA,71,1048,82%,18%,,,,-5.7,3.1,52,11,38,2,3,5,277,0,13,2014
221,159,Marc Gasol,C,29,MEM,59,1970,,,,,100%,0.7,-2.8,41,36,74,23,101,9,480,29,27,2014
222,160,Pau Gasol,C,33,LAL,60,1884,,,,18%,83%,-8.7,-5.0,68,63,70,5,113,5,485,30,57,2014
223,Rk,Player,Pos,Age,Tm,G,MP,PG%,SG%,SF%,PF%,C%,OnCourt,On-Off,BadPass,LostBall,Shoot,Off.,Shoot,Off.,PGA,And1,Blkd,2014
224,161,Rudy Gay,SF,27,TOT,73,2531,,8%,77%,15%,,-1.8,-2.9,87,96,71,24,157,6,469,28,79,2014
225,161,Rudy Gay,SF,27,TOR,18,639,,1%,74%,24%,1%,-1.1,-5.6,18,28,13,9,37,3,97,7,24,2014
226,161,Rudy Gay,SF,27,SAC,55,1892,,11%,78%,11%,,-2.0,2.3,69,68,58,15,120,3,372,21,55,2014
227,162,Alonzo Gee,SF,26,CLE,65,1020,,6%,92%,2%,,-9.3,-7.9,21,13,45,8,26,1,107,3,16,2014
228,163,Paul George,SF,23,IND,80,2898,,11%,89%,,,6.4,6.3,128,52,61,31,162,26,630,36,67,2014
229,164,Taj Gibson,PF,28,CHI,82,2351,,,1%,98%,1%,4.1,4.9,43,40,98,35,128,7,221,28,93,2014
230,165,Manu Ginóbili,SG,36,SAS,68,1550,2%,93%,5%,,,12.8,7.7,109,17,60,4,65,27,667,13,32,2014
231,166,Rudy Gobert,C,21,UTA,45,434,,,,,100%,-2.6,6.0,7,11,26,6,23,5,15,5,7,2014
232,167,Ryan Gomes,SF,31,OKC,5,34,,,93%,7%,,7.7,0.9,0,0,3,1,0,0,3,0,1,2014
233,168,Drew Gooden,C,32,WAS,22,395,,,,25%,75%,-3.8,-5.6,4,5,30,3,14,5,33,3,9,2014
234,169,Archie Goodwin,SG,19,PHO,52,533,4%,91%,5%,,,-8.1,-12.3,12,20,19,6,26,6,47,9,18,2014
235,170,Ben Gordon,SG,30,CHA,19,279,,100%,,,,3.0,3.4,7,10,10,0,7,2,47,0,10,2014
236,171,Eric Gordon,SG,25,NOP,64,2057,1%,96%,3%,,,-6.5,-8.2,51,56,59,12,95,4,442,19,64,2014
237,172,Marcin Gortat,C,29,WAS,81,2655,,,,,100%,5.0,11.3,41,39,102,28,107,19,317,28,51,2014
238,173,Danny Granger,SF,30,TOT,41,847,,,95%,5%,,4.7,-1.3,22,13,33,4,25,4,97,7,17,2014
239,173,Danny Granger,SF,30,IND,29,653,,,96%,4%,,8.2,4.2,16,10,23,3,20,3,77,6,15,2014
240,173,Danny Granger,SF,30,LAC,12,194,,,90%,10%,,-7.2,-15.0,6,3,10,1,5,1,20,1,2,2014
241,174,Aaron Gray,C,29,TOT,37,355,,,,,100%,-11.4,-12.1,9,2,24,15,7,1,48,0,10,2014
242,174,Aaron Gray,C,29,TOR,4,20,,,,,100%,-10.7,-14.4,0,0,1,3,1,0,7,0,0,2014
243,174,Aaron Gray,C,29,SAC,33,335,,,,,100%,-11.4,-9.0,9,2,23,12,6,1,41,0,10,2014
244,175,Danny Green,SG,26,SAS,68,1651,1%,71%,29%,,,9.9,2.9,44,18,60,7,24,7,225,10,12,2014
245,176,Draymond Green,SF,23,GSW,82,1797,,7%,62%,31%,1%,4.9,-0.1,46,12,96,26,43,19,358,3,25,2014
246,177,Gerald Green,SG,28,PHO,82,2330,,78%,22%,,,-0.1,-6.3,61,44,109,12,77,7,289,8,21,2014
247,178,Jeff Green,SF,27,BOS,82,2805,,,94%,6%,,-6.7,-5.7,53,50,78,36,151,14,318,34,49,2014
248,179,Willie Green,SG,32,LAC,55,869,21%,76%,3%,,,5.1,-2.6,17,8,42,3,14,5,125,0,7,2014
249,180,Blake Griffin,PF,24,LAC,80,2863,,,,91%,9%,9.3,8.3,77,65,121,46,276,24,710,68,68,2014
250,Rk,Player,Pos,Age,Tm,G,MP,PG%,SG%,SF%,PF%,C%,OnCourt,On-Off,BadPass,LostBall,Shoot,Off.,Shoot,Off.,PGA,And1,Blkd,2014
251,181,Jorge Gutiérrez,PG,25,BRK,15,244,100%,,,,,-6.1,-5.7,6,3,12,1,2,2,70,0,5,2014
252,182,Jordan Hamilton,SF,23,TOT,60,1019,,28%,68%,4%,,-4.8,-7.0,19,14,37,4,24,2,125,5,12,2014
253,182,Jordan Hamilton,SF,23,DEN,39,670,,27%,71%,2%,,-7.1,-5.9,12,9,18,1,15,2,83,5,11,2014
254,182,Jordan Hamilton,SF,23,HOU,21,349,,28%,63%,9%,,-0.3,-5.6,7,5,19,3,9,0,42,0,1,2014
255,183,Justin Hamilton,C,23,TOT,8,72,,,,,100%,-14.4,-17.1,1,3,5,0,2,1,0,1,1,2014
256,183,Justin Hamilton,C,23,CHA,1,4,,,,,100%,-11.1,-10.9,1,0,0,0,0,0,0,0,0,2014
257,183,Justin Hamilton,C,23,MIA,7,68,,,,,100%,-14.7,-20.4,0,3,5,0,2,1,0,1,1,2014
258,184,Tyler Hansbrough,PF,28,TOR,64,978,,,,24%,76%,0.4,-4.4,8,15,44,13,83,8,44,15,17,2014
259,185,Tim Hardaway Jr.,SG,21,NYK,81,1875,,63%,36%,1%,,-6.0,-9.6,16,15,66,5,60,6,155,19,25,2014
260,186,James Harden,SG,24,HOU,73,2777,1%,92%,7%,,,7.1,7.6,135,79,51,32,261,13,1040,42,61,2014
261,187,Maurice Harkless,SF,20,ORL,80,1950,,1%,86%,13%,,-7.8,-3.9,30,21,74,14,68,11,179,13,44,2014
262,188,Josh Harrellson,C,24,DET,32,317,,,,23%,77%,0.1,4.5,6,1,29,3,4,2,33,1,3,2014
263,189,Al Harrington,PF,33,WAS,34,511,,,,94%,6%,4.0,3.1,10,7,28,8,19,8,64,5,10,2014
264,190,Devin Harris,PG,30,DAL,40,818,92%,8%,,,,10.6,10.3,34,15,31,7,53,12,418,14,15,2014
265,191,Elias Harris,SF,24,LAL,2,11,,,35%,65%,,-13.8,-7.7,0,0,0,0,0,1,2,0,0,2014
266,192,Manny Harris,SG,24,LAL,9,180,43%,51%,6%,,,-11.0,-5.1,4,2,7,1,9,0,28,6,6,2014
267,193,Mike Harris,PF,30,UTA,20,225,,,24%,75%,1%,2.7,11.3,3,3,8,4,10,2,13,0,4,2014
268,194,Tobias Harris,PF,21,ORL,61,1850,,,22%,76%,3%,-6.7,-1.6,17,40,68,19,113,4,191,33,54,2014
269,195,Udonis Haslem,PF,33,MIA,46,653,,,48%,30%,22%,-3.8,-10.9,9,5,41,5,20,2,32,5,10,2014
270,196,Spencer Hawes,C,25,TOT,80,2470,,,,,100%,-10.1,-4.3,92,35,150,25,72,4,522,14,55,2014
271,196,Spencer Hawes,C,25,PHI,53,1666,,,,,100%,-12.0,-2.2,60,22,110,18,46,4,383,11,39,2014
272,196,Spencer Hawes,C,25,CLE,27,804,,,,,100%,-5.9,-3.1,32,13,40,7,26,0,139,3,16,2014
273,197,Chuck Hayes,C,30,TOT,61,754,,,,17%,84%,5.5,5.9,12,9,55,7,12,2,83,5,16,2014
274,197,Chuck Hayes,C,30,SAC,16,179,,,,7%,93%,1.4,4.8,5,1,10,1,3,1,14,1,7,2014
275,197,Chuck Hayes,C,30,TOR,45,575,,,,20%,80%,6.9,3.7,7,8,45,6,9,1,69,4,9,2014
276,198,Gordon Hayward,SF,23,UTA,77,2800,,2%,75%,24%,,-7.9,0.2,112,54,68,23,138,20,932,34,54,2014
277,199,Gerald Henderson,SG,26,CHA,77,2461,,88%,12%,,,-1.4,-3.1,42,31,54,22,122,27,446,17,38,2014
278,200,Xavier Henry,SF,22,LAL,43,908,,15%,82%,3%,,-1.9,5.4,19,22,30,13,81,10,115,16,30,2014
279,Rk,Player,Pos,Age,Tm,G,MP,PG%,SG%,SF%,PF%,C%,OnCourt,On-Off,BadPass,LostBall,Shoot,Off.,Shoot,Off.,PGA,And1,Blkd,2014
280,201,John Henson,PF,23,MIL,70,1856,,,,28%,72%,-12.2,-6.1,37,34,97,15,74,7,263,13,35,2014
281,202,Roy Hibbert,C,27,IND,81,2409,,,,,100%,7.4,6.8,30,48,149,48,103,5,206,24,47,2014
282,203,J.J. Hickson,PF,25,DEN,69,1859,,,,18%,82%,-5.3,-5.9,34,33,63,30,136,8,229,28,63,2014
283,204,Nenê,PF,31,WAS,53,1560,,,,73%,27%,3.3,3.2,46,31,75,18,118,19,341,26,31,2014
284,205,George Hill,PG,27,IND,76,2434,96%,4%,,,,6.3,4.2,59,15,75,10,53,32,585,12,33,2014
285,206,Jordan Hill,PF,26,LAL,72,1500,,,6%,73%,21%,-9.6,-5.6,19,30,109,13,92,2,138,24,31,2014
286,207,Solomon Hill,SF,22,IND,28,226,,27%,71%,2%,,3.6,-1.2,6,3,9,1,3,2,30,0,2,2014
287,208,Kirk Hinrich,PG,33,CHI,73,2116,73%,27%,,,,3.5,2.9,70,28,90,10,37,31,642,5,32,2014
288,209,Jrue Holiday,PG,23,NOP,34,1143,91%,9%,,,,1.4,5.6,57,30,29,6,28,6,604,6,29,2014
289,210,Ryan Hollins,PF,29,LAC,61,482,,,,16%,84%,5.6,-1.7,6,4,41,11,25,5,18,6,8,2014
290,211,Scotty Hopson,SG,24,CLE,2,7,,100%,,,,-21.4,-18.0,0,0,0,0,1,0,2,0,1,2014
291,212,Al Horford,C,27,ATL,29,958,,,,5%,95%,3.2,4.7,27,12,29,12,34,2,181,5,14,2014
292,213,Dwight Howard,C,28,HOU,71,2396,,,,4%,96%,6.9,5.0,54,68,107,54,225,1,310,47,81,2014
293,214,Robbie Hummel,SF,24,MIN,53,655,,8%,73%,20%,,3.6,1.3,6,3,37,1,4,5,52,0,6,2014
294,215,Kris Humphries,PF,28,BOS,69,1376,,,,59%,41%,-6.3,-1.8,25,12,52,13,60,5,158,7,23,2014
295,216,Serge Ibaka,PF,24,OKC,81,2666,,,6%,75%,19%,7.3,1.5,28,37,116,16,94,8,204,19,33,2014
296,217,Andre Iguodala,SF,30,GSW,63,2040,1%,20%,78%,1%,,13.8,18.0,53,22,55,7,53,13,626,10,21,2014
297,218,Ersan İlyasova,PF,26,MIL,55,1478,,,2%,96%,2%,-9.3,-0.5,31,11,51,9,46,26,168,6,29,2014
298,219,Kyrie Irving,PG,21,CLE,71,2496,100%,,,,,-5.1,-4.3,96,60,67,12,122,8,965,36,57,2014
299,220,Royal Ivey,SG,32,OKC,2,5,100%,,,,,-25.0,-31.8,0,0,1,0,0,0,0,0,0,2014
300,Rk,Player,Pos,Age,Tm,G,MP,PG%,SG%,SF%,PF%,C%,OnCourt,On-Off,BadPass,LostBall,Shoot,Off.,Shoot,Off.,PGA,And1,Blkd,2014
301,221,Jarrett Jack,PG,30,CLE,80,2252,50%,50%,,,,-5.5,-4.6,79,32,63,6,49,8,749,10,34,2014
302,222,Reggie Jackson,PG,23,OKC,80,2277,83%,17%,,,,7.7,2.0,90,49,49,19,63,9,755,12,57,2014
303,223,Stephen Jackson,SF,35,LAC,9,107,,,38%,53%,9%,10.4,3.4,3,1,2,0,0,2,12,0,0,2014
304,224,Bernard James,C,28,DAL,30,146,,,,,100%,-1.4,-3.9,0,6,9,2,8,1,8,5,4,2014
305,225,Damion James,SF,26,SAS,5,50,100%,,,,,7.6,-0.6,1,0,1,0,0,1,6,0,0,2014
306,226,LeBron James,PF,29,MIA,77,2902,,,12%,83%,5%,7.2,7.0,152,69,36,26,246,6,1156,74,42,2014
307,227,Mike James,PG,38,CHI,11,77,100%,,,,,-8.4,-10.7,4,1,6,0,1,2,36,0,2,2014
308,228,Antawn Jamison,PF,37,LAC,22,248,,,,99%,1%,11.6,4.8,2,1,18,1,11,1,18,2,3,2014
309,229,Othyus Jeffers,SG,28,TOT,6,47,28%,63%,10%,,,34.5,29.4,0,0,0,1,2,0,2,0,0,2014
310,229,Othyus Jeffers,SG,28,SAS,4,34,,87%,13%,,,36.2,28.2,0,0,0,0,1,0,2,0,0,2014
311,229,Othyus Jeffers,SG,28,MIN,2,13,100%,,,,,29.9,27.4,0,0,0,1,1,0,0,0,0,2014
312,230,Al Jefferson,C,29,CHA,73,2553,,,,31%,69%,0.4,1.7,32,47,119,10,144,10,360,39,74,2014
313,231,Richard Jefferson,SF,33,UTA,82,2213,,71%,29%,,,-9.7,-4.0,45,23,87,14,79,11,294,15,31,2014
314,232,John Jenkins,SG,22,ATL,13,158,,83%,17%,,,-6.3,-6.3,5,3,2,2,3,0,27,2,4,2014
315,233,Brandon Jennings,PG,24,DET,80,2728,100%,,,,,-3.8,0.8,130,65,59,8,110,9,1322,21,44,2014
316,234,Jonas Jerebko,PF,26,DET,64,741,,,9%,79%,12%,-6.5,-3.0,18,13,41,3,26,2,89,7,8,2014
317,235,Amir Johnson,PF,26,TOR,77,2214,,,2%,84%,14%,4.7,2.3,45,28,109,33,63,13,259,20,37,2014
318,236,Chris Johnson,SF,23,BOS,40,789,2%,56%,42%,,,-0.5,5.7,7,7,26,2,15,3,72,2,14,2014
319,237,James Johnson,SF,26,MEM,52,956,,,78%,22%,,7.0,6.5,28,24,52,8,40,2,242,6,21,2014
320,238,Joe Johnson,SG,32,BRK,79,2575,1%,61%,38%,1%,,0.7,3.9,62,30,47,17,64,2,515,17,17,2014
321,239,Orlando Johnson,SG,24,TOT,45,392,,92%,9%,,,-3.4,-4.3,5,3,9,2,12,1,51,2,14,2014
322,239,Orlando Johnson,SG,24,IND,38,342,,94%,6%,,,-0.6,-5.8,4,3,8,2,10,1,41,2,12,2014
323,239,Orlando Johnson,SG,24,SAC,7,50,,77%,23%,,,-22.9,-20.0,1,0,1,0,2,0,10,0,2,2014
324,240,Wesley Johnson,SF,26,LAL,79,2240,,3%,64%,33%,,-7.8,-4.1,57,16,119,5,34,5,283,9,23,2014
325,Rk,Player,Pos,Age,Tm,G,MP,PG%,SG%,SF%,PF%,C%,OnCourt,On-Off,BadPass,LostBall,Shoot,Off.,Shoot,Off.,PGA,And1,Blkd,2014
326,241,Darius Johnson-Odom,SG,24,PHI,3,15,59%,39%,2%,,,-14.6,-3.9,1,1,0,0,1,0,2,0,0,2014
327,242,James Jones,SF,33,MIA,20,236,,56%,44%,,,19.1,14.6,1,1,1,0,2,0,21,0,2,2014
328,243,Perry Jones,PF,22,OKC,62,764,,,2%,58%,41%,5.5,-1.6,6,9,29,3,20,2,59,2,8,2014
329,244,Solomon Jones,PF,29,ORL,11,85,,,,66%,35%,-11.4,-5.8,0,0,5,1,1,1,4,0,1,2014
330,245,Terrence Jones,PF,22,HOU,76,2078,,,,90%,9%,3.4,-3.1,26,28,67,6,101,5,208,30,64,2014
331,246,DeAndre Jordan,C,25,LAC,82,2870,,,,1%,99%,9.0,6.8,35,27,165,29,112,7,166,29,31,2014
332,247,Cory Joseph,SG,22,SAS,68,936,47%,53%,,,,1.2,-9.1,22,8,42,7,40,9,262,7,18,2014
333,248,Chris Kaman,C,31,LAL,39,736,,,,2%,98%,-4.1,2.4,24,30,60,11,29,1,139,6,18,2014
334,249,Enes Kanter,C,21,UTA,80,2138,,,,3%,97%,-12.2,-9.2,34,42,120,40,84,5,181,20,73,2014
335,250,Sergey Karasev,SF,20,CLE,22,156,,11%,82%,7%,,-15.7,-12.7,10,0,10,1,1,3,12,0,1,2014
336,251,Ryan Kelly,PF,22,LAL,59,1312,,,1%,80%,20%,-3.4,4.1,18,12,92,8,57,15,237,15,23,2014
337,252,Michael Kidd-Gilchrist,SF,20,CHA,62,1502,,,100%,,,1.1,2.0,16,21,74,9,84,17,115,17,38,2014
338,253,Andrei Kirilenko,PF,32,BRK,45,857,,,7%,91%,2%,-2.5,-2.3,35,7,31,4,50,6,156,9,17,2014
339,254,Brandon Knight,PG,22,MIL,72,2400,89%,11%,,,,-9.4,-1.2,104,58,47,15,111,24,802,24,59,2014
340,255,Kyle Korver,SG,32,ATL,71,2408,,68%,31%,,,3.0,8.5,59,26,87,9,21,5,467,11,13,2014
341,256,Kosta Koufos,C,24,MEM,80,1349,,,,11%,89%,2.6,0.8,16,19,91,18,45,2,85,10,34,2014
342,257,Viacheslav Kravtsov,C,26,PHO,20,59,,,,16%,84%,-34.1,-37.2,1,2,5,1,2,0,3,0,3,2014
343,258,Ognjen Kuzmić,C,23,GSW,21,92,,,,,100%,-28.8,-34.6,5,1,8,2,3,0,6,0,1,2014
344,259,Doron Lamb,SG,22,ORL,53,695,,44%,56%,1%,,-0.9,6.0,12,3,28,2,10,2,103,1,6,2014
345,260,Jeremy Lamb,SG,21,OKC,78,1538,4%,67%,29%,,,7.9,1.8,26,25,81,2,31,10,265,8,19,2014
346,Rk,Player,Pos,Age,Tm,G,MP,PG%,SG%,SF%,PF%,C%,OnCourt,On-Off,BadPass,LostBall,Shoot,Off.,Shoot,Off.,PGA,And1,Blkd,2014
347,261,Carl Landry,PF,30,SAC,18,233,,,,41%,59%,-13.5,-11.0,2,2,17,3,9,2,11,5,4,2014
348,262,Shane Larkin,PG,21,DAL,48,489,100%,,,,,7.6,5.9,20,12,11,2,10,4,165,4,12,2014
349,263,Ty Lawson,PG,26,DEN,62,2222,76%,25%,,,,-1.5,1.6,140,36,42,5,158,19,1256,33,58,2014
350,264,Ricky Ledo,SG,21,DAL,11,33,,28%,67%,5%,,12.5,10.1,1,0,1,0,2,0,5,0,0,2014
351,265,Courtney Lee,SG,28,TOT,79,1973,21%,73%,6%,,,2.1,4.8,41,10,50,7,35,10,252,10,27,2014
352,265,Courtney Lee,SG,28,BOS,30,504,1%,96%,3%,,,-4.2,1.1,15,1,14,2,8,4,74,2,10,2014
353,265,Courtney Lee,SG,28,MEM,49,1469,28%,66%,6%,,,4.3,3.5,26,9,36,5,27,6,178,8,17,2014
354,266,David Lee,PF,30,GSW,69,2288,,,,81%,19%,9.7,11.2,58,53,86,28,148,5,353,29,94,2014
355,267,Alex Len,C,20,PHO,42,362,,,,,100%,-8.4,-12.0,9,5,34,4,13,0,10,3,7,2014
356,268,Kawhi Leonard,SF,22,SAS,66,1923,,,87%,13%,,10.1,3.8,27,21,63,19,59,5,317,21,34,2014
357,269,Meyers Leonard,C,21,POR,40,355,,,,,100%,-11.6,-17.0,7,3,49,3,8,1,43,2,3,2014
358,270,Jon Leuer,PF,24,MEM,49,642,,,1%,96%,3%,-1.8,-4.6,12,8,33,3,22,1,44,3,20,2014
359,271,Rashard Lewis,SF,34,MIA,60,971,,,55%,45%,,3.2,-2.8,19,4,50,7,12,5,139,3,6,2014
360,272,DeAndre Liggins,SG,25,MIA,1,1,,100%,,,,33.3,28.0,0,0,0,0,0,0,0,0,0,2014
361,273,Damian Lillard,PG,23,POR,82,2937,66%,34%,,,,5.5,6.6,126,40,83,16,160,29,1068,26,85,2014
362,274,Jeremy Lin,PG,25,HOU,71,2054,66%,34%,,,,4.5,-0.8,105,48,79,13,87,15,690,15,41,2014
363,275,Shaun Livingston,PG,28,BRK,76,1974,52%,48%,1%,,,1.6,4.5,52,25,70,10,80,12,579,16,29,2014
364,276,Brook Lopez,C,25,BRK,17,533,,,,,100%,-1.4,-0.8,5,8,26,11,55,1,41,13,13,2014
365,277,Robin Lopez,C,25,POR,82,2603,,,,3%,98%,6.0,6.2,20,27,129,24,103,6,176,19,30,2014
366,278,Kevin Love,PF,25,MIN,77,2797,,,,73%,27%,5.6,10.9,95,55,60,27,224,13,741,36,63,2014
367,279,Kyle Lowry,PG,27,TOR,79,2862,100%,,,,,4.8,4.3,116,42,85,20,118,48,1317,24,51,2014
368,280,John Lucas III,PG,31,UTA,42,591,100%,,,,,-15.6,-9.0,7,4,12,4,1,5,95,1,4,2014
369,Rk,Player,Pos,Age,Tm,G,MP,PG%,SG%,SF%,PF%,C%,OnCourt,On-Off,BadPass,LostBall,Shoot,Off.,Shoot,Off.,PGA,And1,Blkd,2014
370,281,Shelvin Mack,PG,23,ATL,73,1490,18%,72%,11%,,,-0.5,-0.3,53,26,36,6,26,1,635,4,30,2014
371,282,Ian Mahinmi,C,27,IND,77,1248,,,,,100%,1.3,-5.0,8,8,107,26,59,7,60,14,23,2014
372,283,Shawn Marion,SF,35,DAL,76,2409,,,54%,46%,,-1.4,-9.9,58,24,84,2,23,2,300,2,28,2014
373,284,Kendall Marshall,PG,22,LAL,54,1564,90%,9%,1%,,,-5.7,0.7,117,15,19,11,16,1,1053,7,26,2014
374,285,Cartier Martin,SF,29,TOT,59,870,,21%,76%,4%,,-6.5,-8.3,18,7,30,5,23,6,79,8,9,2014
375,285,Cartier Martin,SF,29,ATL,53,822,,19%,77%,4%,,-6.3,-7.5,17,7,30,5,22,6,75,8,9,2014
376,285,Cartier Martin,SF,29,CHI,6,48,,45%,51%,4%,,-10.1,-12.3,1,0,0,0,1,0,4,0,0,2014
377,286,Kenyon Martin,PF,36,NYK,32,633,,,,80%,21%,5.2,7.4,13,3,45,9,9,1,110,1,6,2014
378,287,Kevin Martin,SG,30,MIN,68,2177,,98%,2%,,,3.2,1.5,38,36,52,10,123,11,289,23,53,2014
379,288,Roger Mason,SG,33,MIA,25,260,28%,70%,1%,,,0.3,-5.4,5,0,13,2,2,0,44,0,0,2014
380,289,Wesley Matthews,SG,27,POR,82,2780,,78%,22%,1%,,4.9,3.5,48,38,73,13,119,32,448,22,41,2014
381,290,Jason Maxiell,PF,30,ORL,34,488,,,14%,77%,8%,-9.9,-4.7,2,5,17,6,12,1,20,3,7,2014
382,291,Eric Maynor,PG,26,TOT,31,327,100%,,,,,-25.2,-21.2,19,8,7,1,6,0,124,1,3,2014
383,291,Eric Maynor,PG,26,WAS,23,215,100%,,,,,-26.7,-29.5,11,5,4,1,2,0,97,1,2,2014
384,291,Eric Maynor,PG,26,PHI,8,112,100%,,,,,-22.5,-12.1,8,3,3,0,4,0,27,0,1,2014
385,292,O.J. Mayo,SG,26,MIL,52,1346,2%,87%,12%,,,-14.1,-7.9,55,25,53,10,29,6,248,5,35,2014
386,293,Luc Mbah a Moute,PF-SF,27,TOT,64,1003,,,73%,26%,,-6.2,-6.8,9,17,33,7,30,6,82,7,24,2014
387,293,Luc Mbah a Moute,SF,27,SAC,9,196,,,68%,32%,,-3.3,-0.1,0,1,9,3,5,4,36,1,5,2014
388,293,Luc Mbah a Moute,PF,27,MIN,55,807,,,75%,25%,1%,-6.9,-11.7,9,16,24,4,25,2,46,6,19,2014
389,294,Ray McCallum,PG,22,SAC,45,897,82%,18%,,,,-5.1,-2.4,22,13,33,1,12,0,266,4,22,2014
390,295,CJ McCollum,SG,22,POR,38,476,11%,85%,4%,,,-2.7,-7.4,11,12,27,6,15,3,64,2,11,2014
391,296,JaVale McGee,C,26,DEN,5,79,,,,,100%,-1.7,0.5,2,2,9,2,1,2,4,1,3,2014
392,297,Ben McLemore,SG,20,SAC,82,2187,,91%,9%,,,-5.7,-5.6,36,36,100,10,56,8,180,11,43,2014
393,298,Josh McRoberts,PF,26,CHA,78,2360,,,,95%,5%,0.7,2.1,43,21,59,7,39,17,729,5,24,2014
394,299,Jodie Meeks,SG,26,LAL,77,2556,19%,79%,2%,,,-9.0,-8.3,53,41,49,7,108,9,325,33,56,2014
395,300,Gal Mekel,PG,25,DAL,31,292,87%,13%,,,,-0.7,-3.4,17,6,12,3,4,1,151,0,9,2014
396,Rk,Player,Pos,Age,Tm,G,MP,PG%,SG%,SF%,PF%,C%,OnCourt,On-Off,BadPass,LostBall,Shoot,Off.,Shoot,Off.,PGA,And1,Blkd,2014
397,301,Khris Middleton,SF,22,MIL,82,2460,,19%,70%,11%,,-8.3,1.7,54,36,113,13,45,13,372,5,35,2014
398,302,C.J. Miles,SG,26,CLE,51,984,,60%,39%,1%,,1.7,6.9,23,11,54,4,29,3,121,9,15,2014
399,303,Andre Miller,SG,37,TOT,58,982,45%,52%,3%,,,3.2,4.2,40,14,22,3,28,5,449,7,22,2014
400,303,Andre Miller,SG,37,DEN,30,570,12%,83%,6%,,,1.6,4.4,20,8,13,1,14,0,226,3,14,2014
401,303,Andre Miller,SG,37,WAS,28,412,91%,9%,,,,5.5,4.7,20,6,9,2,14,5,223,4,8,2014
402,304,Darius Miller,SF,23,NOP,45,723,,7%,81%,13%,,2.3,5.9,10,6,41,1,12,3,95,5,5,2014
403,305,Mike Miller,SF,33,MEM,82,1707,,33%,65%,2%,,-2.3,-7.7,50,10,44,13,14,3,286,2,7,2014
404,306,Quincy Miller,PF,21,DEN,52,789,,,21%,75%,4%,-3.1,-1.2,17,19,37,4,28,2,62,5,16,2014
405,307,Patty Mills,PG,25,SAS,81,1527,100%,,,,,11.1,4.7,37,18,34,7,29,10,354,10,21,2014
406,308,Paul Millsap,PF,28,ATL,74,2482,,,,93%,7%,2.2,6.8,69,59,101,29,177,7,549,38,69,2014
407,309,Tony Mitchell,PF,21,DET,21,79,,,10%,83%,6%,6.0,10.2,2,1,1,1,8,1,5,1,4,2014
408,310,Tony Mitchell,SF,24,MIL,3,10,,65%,35%,,,-2.8,6.2,0,0,0,0,0,0,2,0,0,2014
409,311,Nazr Mohammed,C,36,CHI,80,562,,,,9%,91%,-0.2,-2.7,18,10,39,6,14,2,46,4,8,2014
410,312,Greg Monroe,PF,23,DET,82,2690,,,,64%,36%,-3.6,1.4,54,69,110,19,171,10,388,41,107,2014
411,313,E'Twaun Moore,SG,24,ORL,79,1506,8%,83%,9%,,,-4.2,2.6,29,13,60,2,27,8,245,9,29,2014
412,314,Darius Morris,PG,23,TOT,27,313,98%,2%,,,,-9.4,-8.9,10,7,12,5,8,4,100,4,6,2014
413,314,Darius Morris,PG,23,PHI,12,193,100%,,,,,-8.1,2.7,7,4,8,5,6,3,70,4,4,2014
414,314,Darius Morris,PG,23,LAC,10,54,89%,11%,,,,-22.1,-29.5,1,0,2,0,1,0,14,0,0,2014
415,314,Darius Morris,PG,23,MEM,5,66,100%,,,,,-1.8,-3.9,2,3,2,0,1,1,16,0,2,2014
416,315,Marcus Morris,SF,24,PHO,82,1800,,,56%,43%,1%,4.2,3.1,36,23,89,8,57,9,199,12,25,2014
417,316,Markieff Morris,PF,24,PHO,81,2153,,,,72%,28%,2.8,0.8,53,41,106,26,129,6,343,25,35,2014
418,317,Anthony Morrow,SG,28,NOP,76,1426,8%,70%,21%,1%,,0.0,4.0,22,19,50,4,25,9,131,9,11,2014
419,318,Donatas Motiejūnas,PF,23,HOU,62,952,,,,58%,42%,3.4,-1.9,14,14,58,9,38,4,93,10,21,2014
420,319,Arnett Moultrie,PF,23,PHI,12,187,,,,31%,69%,-16.7,-6.3,2,3,13,2,4,0,4,1,4,2014
421,320,Timofey Mozgov,C,27,DEN,82,1770,,,,,100%,1.2,6.1,28,33,112,33,103,4,150,21,51,2014
422,Rk,Player,Pos,Age,Tm,G,MP,PG%,SG%,SF%,PF%,C%,OnCourt,On-Off,BadPass,LostBall,Shoot,Off.,Shoot,Off.,PGA,And1,Blkd,2014
423,321,Shabazz Muhammad,SG,21,MIN,37,290,,70%,30%,,,-11.8,-15.4,4,7,11,4,23,0,15,8,15,2014
424,322,Byron Mullens,C,24,TOT,45,414,,,,,100%,-18.1,-17.0,7,11,34,8,6,1,36,0,11,2014
425,322,Byron Mullens,C,24,LAC,27,167,,,,,100%,-12.9,-20.8,4,2,16,7,2,1,16,0,6,2014
426,322,Byron Mullens,C,24,PHI,18,247,,,,,100%,-21.3,-11.3,3,9,18,1,4,0,20,0,5,2014
427,323,Erik Murphy,C,23,CHI,24,62,,,,3%,97%,-39.2,-41.9,0,2,5,0,0,0,4,0,1,2014
428,324,Toure' Murry,PG,24,NYK,51,373,97%,3%,,,,-2.4,-1.5,23,9,19,0,16,2,110,3,11,2014
429,325,Mike Muscala,PF,22,ATL,20,215,,,,21%,79%,-20.1,-21.0,2,6,17,2,5,1,16,2,5,2014
430,326,Hamady N'Diaye,C,27,SAC,14,74,,,,4%,97%,-16.6,-13.7,0,1,4,2,1,0,7,1,2,2014
431,327,Steve Nash*,PG,39,LAL,15,313,28%,72%,,,,-9.9,-4.1,22,6,4,0,10,2,200,1,4,2014
432,328,Gary Neal,SG,29,TOT,52,1114,7%,90%,3%,,,-8.8,-4.9,28,18,24,10,36,8,188,10,14,2014
433,328,Gary Neal,SG,29,MIL,30,607,14%,82%,5%,,,-15.5,-7.7,18,11,10,5,17,6,103,4,8,2014
434,328,Gary Neal,SG,29,CHA,22,507,,100%,,,,-0.6,-0.5,10,7,14,5,19,2,85,6,6,2014
435,329,Nemanja Nedović,SG,22,GSW,24,142,58%,42%,,,,-23.6,-29.6,8,4,3,1,3,1,32,0,3,2014
436,330,Jameer Nelson,PG,31,ORL,68,2179,100%,,,,,-6.9,-2.4,96,47,51,5,42,18,1065,8,35,2014
437,331,Andrew Nicholson,PF,24,ORL,76,1174,,,,77%,24%,-6.7,-1.3,10,13,72,13,26,4,63,9,13,2014
438,332,Joakim Noah,C,28,CHI,80,2820,,,,,100%,4.0,6.6,98,46,108,30,140,15,954,30,75,2014
439,333,Steve Novak,PF,30,TOR,54,540,,,3%,67%,30%,1.3,-2.8,1,2,20,1,1,4,32,0,0,2014
440,334,Dirk Nowitzki,PF,35,DAL,80,2628,,,,73%,28%,4.5,6.1,54,43,107,9,125,13,490,29,19,2014
441,335,James Nunnally,SF,23,TOT,13,165,,10%,91%,,,-12.9,-7.4,2,2,4,1,4,0,18,1,0,2014
442,335,James Nunnally,SF,23,ATL,4,54,,5%,95%,,,-11.3,-11.2,2,1,2,0,2,0,4,0,0,2014
443,335,James Nunnally,SF,23,PHI,9,111,,12%,88%,,,-13.5,-2.9,0,1,2,1,2,0,14,1,0,2014
444,336,Jermaine O'Neal,PF,35,GSW,44,883,,,,28%,72%,1.8,-4.1,12,13,50,15,58,8,59,13,23,2014
445,337,Kyle O'Quinn,C,23,ORL,69,1188,,,,30%,70%,-0.3,7.8,33,13,86,22,38,5,170,9,21,2014
446,338,Greg Oden,C,26,MIA,23,212,,,,,100%,-5.8,-11.8,1,4,26,4,12,2,3,5,5,2014
447,339,Victor Oladipo,PG,21,ORL,80,2487,59%,41%,,,,-5.4,1.0,122,87,94,22,134,17,728,25,90,2014
448,340,Kelly Olynyk,C,22,BOS,70,1400,,,,,100%,-1.7,5.2,28,31,110,26,50,5,249,10,35,2014
449,Rk,Player,Pos,Age,Tm,G,MP,PG%,SG%,SF%,PF%,C%,OnCourt,On-Off,BadPass,LostBall,Shoot,Off.,Shoot,Off.,PGA,And1,Blkd,2014
450,341,Arinze Onuaku,PF,26,TOT,5,30,,,,87%,13%,-16.1,-13.2,1,0,1,0,0,0,6,0,1,2014
451,341,Arinze Onuaku,PF,26,NOP,3,25,,,,100%,,-16.7,-14.2,1,0,1,0,0,0,6,0,1,2014
452,341,Arinze Onuaku,PF,26,CLE,2,5,,,,21%,79%,-15.6,-12.1,0,0,0,0,0,0,0,0,0,2014
453,342,Daniel Orton,C,23,PHI,22,251,,,,17%,83%,-6.2,4.8,4,6,13,7,12,1,35,5,7,2014
454,343,Travis Outlaw,SF,29,SAC,63,1065,,7%,54%,38%,1%,-4.8,-2.2,16,4,51,2,16,5,105,1,11,2014
455,344,Zaza Pachulia,C,29,MIL,53,1325,,,,1%,99%,-7.7,1.9,35,27,41,19,41,16,292,7,36,2014
456,345,Jannero Pargo,PG,34,CHA,29,242,99%,1%,,,,-12.1,-12.7,18,6,5,0,3,3,127,0,4,2014
457,346,Tony Parker,PG,31,SAS,68,1997,95%,5%,,,,6.9,-2.5,72,48,36,10,82,7,897,19,53,2014
458,347,Chandler Parsons,SF,25,HOU,74,2783,,1%,86%,12%,,5.6,2.5,71,44,63,14,101,17,695,27,64,2014
459,348,Patrick Patterson,PF,24,TOT,65,1533,,,1%,95%,4%,5.4,6.4,19,11,62,25,30,4,193,5,12,2014
460,348,Patrick Patterson,PF,24,SAC,17,415,,,,88%,12%,-4.5,-1.5,4,2,14,8,8,1,35,2,5,2014
461,348,Patrick Patterson,PF,24,TOR,48,1118,,,1%,98%,1%,9.1,7.6,15,9,48,17,22,3,158,3,7,2014
462,349,Chris Paul,PG,28,LAC,62,2171,100%,,,,,11.1,9.2,93,34,48,13,66,17,1495,16,32,2014
463,350,Nikola Peković,C,28,MIN,54,1663,,,,,100%,7.3,8.3,18,25,52,25,128,3,121,30,70,2014
464,351,Kendrick Perkins,C,29,OKC,62,1207,,,,,100%,1.9,-7.0,29,20,67,26,27,4,148,5,25,2014
465,352,Paul Pierce,SF,36,BRK,75,2098,,1%,47%,52%,,1.9,5.5,73,38,95,18,125,13,421,23,40,2014
466,353,Dexter Pittman,C,25,ATL,2,3,,,,,100%,0.0,0.3,0,0,0,0,1,0,0,0,0,2014
467,354,Mason Plumlee,C,23,BRK,70,1275,,,,8%,92%,-2.3,-2.3,24,27,85,15,97,4,141,20,35,2014
468,355,Miles Plumlee,C,25,PHO,80,1964,,,,1%,100%,1.1,-2.8,34,27,101,18,64,5,104,16,33,2014
469,356,Quincy Pondexter,SG,25,MEM,15,270,,77%,22%,1%,,-18.6,-22.2,6,3,9,2,13,1,43,3,8,2014
470,357,Otto Porter,SF,20,WAS,37,319,,72%,28%,,,-3.3,-5.0,8,4,9,1,6,1,23,3,3,2014
471,358,Josh Powell,PF,31,HOU,1,19,100%,,,,,-18.9,-23.9,0,0,0,1,0,0,0,0,2,2014
472,359,Phil Pressey,PG,22,BOS,75,1132,100%,,,,,-1.1,5.6,60,19,39,4,14,0,537,0,10,2014
473,360,A.J. Price,SG,27,MIN,28,99,79%,21%,,,,-1.4,-4.1,2,2,4,0,2,0,30,2,0,2014
474,Rk,Player,Pos,Age,Tm,G,MP,PG%,SG%,SF%,PF%,C%,OnCourt,On-Off,BadPass,LostBall,Shoot,Off.,Shoot,Off.,PGA,And1,Blkd,2014
475,361,Ronnie Price,SG,30,ORL,31,377,60%,39%,1%,,,-2.8,3.3,14,9,18,2,6,4,143,1,4,2014
476,362,Pablo Prigioni,PG,36,NYK,66,1283,78%,22%,,,,1.6,3.9,44,9,42,0,5,16,539,0,5,2014
477,363,Tayshaun Prince,SF,33,MEM,76,1948,,3%,94%,3%,,1.4,-1.4,26,11,42,2,23,9,257,4,13,2014
478,364,Miroslav Raduljica,C,26,MIL,48,465,,,,,100%,-6.8,2.4,1,6,36,14,23,4,49,5,17,2014
479,365,Anthony Randolph,PF,24,DEN,43,527,,,7%,73%,20%,-10.3,-9.4,20,5,20,9,30,1,81,7,11,2014
480,366,Shavlik Randolph,PF,30,PHO,14,95,,,,91%,9%,23.1,21.1,1,1,5,2,6,1,2,1,3,2014
481,367,Zach Randolph,PF,32,MEM,79,2705,,,,90%,10%,3.2,3.5,63,58,69,36,140,9,446,32,115,2014
482,368,J.J. Redick,SG,29,LAC,35,987,11%,88%,2%,,,9.2,2.9,24,12,41,1,34,11,183,4,8,2014
483,369,Glen Rice Jr.,SG,23,WAS,11,109,,80%,20%,,,1.8,0.5,3,3,3,1,2,0,14,0,1,2014
484,370,Luke Ridnour,PG,32,TOT,61,1141,98%,2%,,,,-9.3,-5.5,50,9,49,4,5,14,398,1,8,2014
485,370,Luke Ridnour,PG,32,MIL,36,763,100%,,,,,-13.1,-5.1,36,5,29,3,5,10,275,1,7,2014
486,370,Luke Ridnour,PG,32,CHA,25,378,95%,5%,,,,-1.7,-1.7,14,4,20,1,0,4,123,0,1,2014
487,371,Austin Rivers,PG,21,NOP,69,1339,79%,21%,,,,1.2,5.6,32,26,57,12,79,9,366,18,50,2014
488,372,Andre Roberson,SG,22,OKC,40,399,,72%,29%,,,6.4,-0.5,4,6,27,6,3,5,31,0,5,2014
489,373,Brian Roberts,PG,28,NOP,72,1667,100%,,,,,-4.9,-4.1,56,27,55,3,44,18,525,10,29,2014
490,374,Nate Robinson,PG,29,DEN,44,866,100%,,,,,5.7,9.9,35,16,27,3,31,6,246,4,18,2014
491,375,Thomas Robinson,PF,22,POR,70,873,,,,88%,12%,-4.2,-10.3,18,17,59,8,44,7,80,10,31,2014
492,376,Rajon Rondo,PG,27,BOS,30,998,98%,2%,,,,-10.0,-6.6,64,27,22,5,30,8,668,9,27,2014
493,377,Derrick Rose,PG,25,CHI,10,311,100%,,,,,-4.9,-7.6,14,18,7,1,12,3,95,3,18,2014
494,378,Terrence Ross,SG,22,TOR,81,2159,1%,93%,7%,,,3.5,-0.3,47,19,91,9,32,13,174,10,34,2014
495,379,Ricky Rubio,PG,23,MIN,82,2638,89%,11%,,,,6.6,12.6,175,31,78,1,93,36,1582,18,67,2014
496,380,Brandon Rush,SG,28,UTA,38,418,,8%,91%,1%,,-10.7,-3.1,13,3,17,1,4,0,56,3,5,2014
497,Rk,Player,Pos,Age,Tm,G,MP,PG%,SG%,SF%,PF%,C%,OnCourt,On-Off,BadPass,LostBall,Shoot,Off.,Shoot,Off.,PGA,And1,Blkd,2014
498,381,Robert Sacre,C,24,LAL,65,1089,,,,,100%,-5.8,0.5,9,15,85,13,44,6,135,6,28,2014
499,382,John Salmons,SG-SF,34,TOT,78,1726,2%,44%,54%,1%,,-0.1,-0.4,30,13,66,2,19,5,349,2,25,2014
500,382,John Salmons,SF,34,SAC,18,445,,7%,92%,2%,,-6.4,-3.6,9,2,18,1,2,1,103,1,7,2014
501,382,John Salmons,SG,34,TOR,60,1281,2%,57%,41%,,,2.1,-2.3,21,11,48,1,17,4,246,1,18,2014
502,383,Larry Sanders,C,25,MIL,23,584,,,,2%,98%,-9.3,-0.4,8,6,34,8,20,1,38,5,22,2014
503,384,Dennis Schröder,PG,20,ATL,49,641,100%,,,,,-15.0,-17.4,38,9,17,4,18,4,210,5,15,2014
504,385,Luis Scola,PF,33,IND,82,1399,,,,97%,3%,0.4,-6.6,40,30,43,23,60,5,193,4,30,2014
505,386,Mike Scott,PF,25,ATL,80,1482,,,7%,90%,3%,-6.2,-9.4,28,29,52,15,62,3,177,18,27,2014
506,387,Thabo Sefolosha,SG,29,OKC,61,1584,,81%,19%,,,3.9,-4.9,23,17,41,7,24,2,207,3,18,2014
507,388,Kevin Séraphin,C,24,WAS,53,578,,,,14%,86%,-2.9,-4.9,7,15,51,11,14,3,42,7,14,2014
508,389,Ramon Sessions,PG,27,TOT,83,2214,52%,48%,,,,-3.8,1.0,86,40,28,10,149,13,766,24,61,2014
509,389,Ramon Sessions,PG,27,CHA,55,1305,59%,41%,,,,-1.5,-2.0,54,24,17,6,92,9,469,15,43,2014
510,389,Ramon Sessions,PG,27,MIL,28,909,42%,58%,,,,-7.2,2.3,32,16,11,4,57,4,297,9,18,2014
511,390,Mustafa Shakur,PG,29,OKC,3,11,100%,,,,,-28.5,-35.4,2,0,1,0,1,0,10,0,0,2014
512,391,Tornike Shengelia,SF,22,TOT,26,154,,14%,70%,15%,,-9.1,-9.9,4,6,8,0,3,0,31,1,4,2014
513,391,Tornike Shengelia,SF,22,BRK,17,137,,15%,72%,13%,,-8.2,-7.8,4,6,7,0,3,0,26,1,2,2014
514,391,Tornike Shengelia,SF,22,CHI,9,17,,13%,55%,33%,,-18.2,-20.3,0,0,1,0,0,0,5,0,2,2014
515,392,Iman Shumpert,SG,23,NYK,74,1962,2%,87%,10%,,,5.2,12.3,34,24,91,7,17,20,305,4,16,2014
516,393,Alexey Shved,SG,25,MIN,63,664,11%,87%,3%,,,-2.2,-5.7,28,14,15,2,44,5,153,10,15,2014
517,394,Henry Sims,C,23,TOT,46,875,,,,8%,92%,-8.4,-1.3,15,11,58,10,51,3,119,9,20,2014
518,394,Henry Sims,C,23,CLE,20,168,,,,11%,89%,-5.3,-1.9,2,3,14,3,5,1,12,0,4,2014
519,394,Henry Sims,C,23,PHI,26,707,,,,8%,92%,-9.1,2.0,13,8,44,7,46,2,107,9,16,2014
520,395,Kyle Singler,SF,25,DET,82,2337,,23%,69%,8%,,-4.7,-1.7,24,24,104,10,77,13,172,11,43,2014
521,396,Chris Singleton,SF,24,WAS,25,250,,,49%,51%,,-12.9,-15.1,2,4,11,4,13,3,12,3,5,2014
522,397,Peyton Siva,SG,23,DET,24,224,94%,6%,,,,-7.3,-3.4,10,3,5,2,7,1,83,1,8,2014
523,398,Donald Sloan,SG,26,IND,48,392,94%,6%,,,,-11.1,-17.5,13,7,9,1,6,3,117,2,10,2014
524,399,Chris Smith,PG,26,NYK,2,2,100%,,,,,-100.0,-99.0,0,0,0,0,0,0,0,0,0,2014
525,400,Greg Smith,C,23,HOU,11,100,,,,15%,85%,-5.7,-10.8,0,0,7,3,3,1,0,1,6,2014
526,Rk,Player,Pos,Age,Tm,G,MP,PG%,SG%,SF%,PF%,C%,OnCourt,On-Off,BadPass,LostBall,Shoot,Off.,Shoot,Off.,PGA,And1,Blkd,2014
527,401,Ish Smith,PG,25,PHO,70,1006,100%,,,,,0.5,-2.7,43,14,33,3,19,11,429,7,19,2014
528,402,J.R. Smith,SF,28,NYK,74,2421,,24%,72%,5%,,-0.9,0.4,52,39,98,13,55,13,527,13,18,2014
529,403,Jason Smith,PF,27,NOP,31,830,,,,58%,43%,-2.9,-0.4,6,7,44,10,21,2,65,2,21,2014
530,404,Josh Smith,SF,28,DET,77,2730,,,56%,43%,,-3.8,0.8,104,76,99,11,137,16,574,43,39,2014
531,405,Tony Snell,SG,22,CHI,77,1231,,88%,11%,,,-4.4,-9.4,21,15,49,3,17,6,146,4,24,2014
532,406,James Southerland,SF,23,TOT,4,30,90%,,10%,,,6.8,8.2,1,0,3,0,0,0,0,0,0,2014
533,406,James Southerland,SF,23,CHA,1,3,,,100%,,,-50.0,-49.8,0,0,0,0,0,0,0,0,0,2014
534,406,James Southerland,SF,23,NOP,3,27,100%,,,,,12.9,15.5,1,0,3,0,0,0,0,0,0,2014
535,407,Marreese Speights,C,26,GSW,79,982,,,,14%,86%,-6.4,-15.1,18,22,61,19,62,11,76,18,20,2014
536,408,Tiago Splitter,C,29,SAS,59,1271,,,,53%,47%,10.4,3.3,32,18,60,16,83,7,203,18,43,2014
537,409,D.J. Stephens,SG,23,MIL,3,15,,69%,32%,,,-6.0,2.9,0,0,0,0,1,0,0,1,1,2014
538,410,Lance Stephenson,SG,23,IND,78,2752,2%,93%,5%,,,5.5,2.6,109,50,65,31,85,21,809,28,44,2014
539,411,Greg Stiemsma,C,28,NOP,55,1007,,,,7%,93%,-8.8,-8.3,9,11,85,18,12,9,79,3,10,2014
540,412,Julyan Stone,SG,25,TOR,21,120,79%,21%,,,,-20.8,-25.2,4,1,7,0,1,0,30,1,0,2014
541,413,Amar'e Stoudemire,C,31,NYK,65,1466,,,,58%,42%,-6.4,-8.4,11,33,71,20,95,6,85,21,33,2014
542,414,Rodney Stuckey,SG,27,DET,73,1950,,76%,24%,,,-4.6,-1.2,53,43,67,21,126,10,338,37,49,2014
543,415,Jared Sullinger,PF,21,BOS,74,2041,,,,30%,70%,-2.3,5.8,35,36,127,29,78,13,275,25,53,2014
544,416,Jeff Taylor,SF,24,CHA,26,629,,22%,78%,,,-7.0,-8.1,9,7,25,3,21,9,49,2,19,2014
545,417,Tyshawn Taylor,PG,23,BRK,23,270,86%,14%,,,,-22.5,-23.4,11,11,14,2,12,1,86,0,8,2014
546,418,Jeff Teague,PG,25,ATL,79,2542,73%,27%,,,,2.0,6.7,130,68,68,11,143,9,1222,34,73,2014
547,419,Marquis Teague,SG,20,TOT,40,443,57%,41%,3%,,,-7.0,-8.1,18,11,20,6,18,1,140,3,19,2014
548,419,Marquis Teague,SG,20,CHI,19,242,68%,32%,,,,4.1,2.1,7,3,6,5,9,1,65,2,11,2014
549,419,Marquis Teague,SG,20,BRK,21,201,43%,51%,6%,,,-19.3,-19.6,11,8,14,1,9,0,75,1,8,2014
550,420,Mirza Teletović,SF,28,BRK,72,1396,,,35%,64%,1%,-3.3,-3.9,23,16,76,5,23,1,134,5,22,2014
551,Rk,Player,Pos,Age,Tm,G,MP,PG%,SG%,SF%,PF%,C%,OnCourt,On-Off,BadPass,LostBall,Shoot,Off.,Shoot,Off.,PGA,And1,Blkd,2014
552,421,Garrett Temple,SG,27,WAS,75,638,36%,57%,7%,,,-4.6,-7.0,27,7,28,3,17,6,170,6,7,2014
553,422,Jason Terry,PG,36,BRK,35,570,100%,,,,,-5.9,-6.1,18,5,16,1,8,6,128,4,6,2014
554,423,Hasheem Thabeet,C,26,OKC,23,192,,,,,100%,2.4,-4.6,2,5,14,7,3,1,2,1,1,2014
555,424,Adonis Thomas,SF,20,TOT,6,37,35%,8%,57%,,,12.5,20.9,1,0,3,0,0,1,6,0,1,2014
556,424,Adonis Thomas,SF,20,ORL,4,24,,12%,88%,,,17.8,23.7,0,0,1,0,0,1,4,0,1,2014
557,424,Adonis Thomas,SF,20,PHI,2,13,100%,,,,,4.6,15.4,1,0,2,0,0,0,2,0,0,2014
558,425,Isaiah Thomas,PG,24,SAC,72,2497,100%,,,,,0.2,9.4,105,78,73,13,113,18,1012,29,57,2014
559,426,Lance Thomas,SF,25,NOP,5,42,,,2%,98%,,-5.1,-2.5,0,1,3,0,1,0,7,0,4,2014
560,427,Malcolm Thomas,PF,25,TOT,8,63,,,,94%,6%,1.3,1.1,1,5,5,0,1,0,5,0,0,2014
561,427,Malcolm Thomas,PF,25,SAS,1,15,,,,100%,,33.1,25.0,1,0,0,0,1,0,0,0,0,2014
562,427,Malcolm Thomas,PF,25,UTA,7,48,,,,92%,8%,-7.8,0.2,0,5,5,0,0,0,5,0,0,2014
563,428,Hollis Thompson,SF,22,PHI,77,1742,,1%,92%,7%,,-10.6,0.2,33,13,72,8,34,5,175,9,21,2014
564,429,Jason Thompson,PF,27,SAC,82,2007,,,,67%,33%,-0.3,5.9,21,28,105,32,64,9,121,11,35,2014
565,430,Klay Thompson,SG,23,GSW,81,2868,5%,88%,7%,,,9.3,15.5,55,39,111,15,79,5,406,13,48,2014
566,431,Tristan Thompson,PF,22,CLE,82,2594,,,12%,84%,4%,-4.9,-4.0,23,29,61,28,139,1,170,24,101,2014
567,432,Marcus Thornton,SG,26,TOT,72,1741,1%,93%,6%,,,0.1,2.6,41,18,37,5,41,4,173,7,19,2014
568,432,Marcus Thornton,SG,26,SAC,46,1121,,95%,5%,,,0.1,4.5,27,6,22,3,21,3,104,6,13,2014
569,432,Marcus Thornton,SG,26,BRK,26,620,1%,90%,9%,,,0.0,0.9,14,12,15,2,20,1,69,1,6,2014
570,433,Jamaal Tinsley,PG,35,UTA,8,110,100%,,,,,-20.4,-12.8,8,0,6,0,0,0,47,0,2,2014
571,434,Anthony Tolliver,PF,28,CHA,64,1298,,,74%,24%,2%,2.7,4.3,15,2,42,3,16,13,100,6,7,2014
572,435,P.J. Tucker,SF,28,PHO,81,2490,,3%,92%,6%,,2.1,-1.2,38,16,75,17,68,26,334,16,51,2014
573,436,Ronny Turiaf,C,31,MIN,31,606,,,,2%,98%,-1.4,-4.6,10,7,39,2,25,4,56,5,13,2014
574,437,Hedo Türkoğlu,SF,34,LAC,38,392,,,2%,98%,,2.6,-5.0,8,4,27,1,6,1,74,1,7,2014
575,438,Evan Turner,SF,25,TOT,81,2457,,33%,67%,,,-7.3,-5.8,90,71,101,14,108,6,596,20,108,2014
576,438,Evan Turner,SF,25,PHI,54,1886,,26%,73%,1%,,-8.4,4.4,76,57,76,10,91,3,451,15,85,2014
577,438,Evan Turner,SF,25,IND,27,571,,54%,46%,,,-3.1,-9.2,14,14,25,4,17,3,145,5,23,2014
578,439,Jeremy Tyler,C,22,NYK,41,398,,,,43%,57%,-6.1,-5.7,5,10,36,6,21,6,21,3,5,2014
579,440,Ekpe Udoh,PF,26,MIL,42,804,,,,68%,32%,-10.5,-1.9,14,5,50,11,16,2,73,1,15,2014
580,Rk,Player,Pos,Age,Tm,G,MP,PG%,SG%,SF%,PF%,C%,OnCourt,On-Off,BadPass,LostBall,Shoot,Off.,Shoot,Off.,PGA,And1,Blkd,2014
581,441,Beno Udrih,SG,31,TOT,41,643,92%,8%,,,,-9.2,-10.6,29,16,27,0,8,11,263,0,7,2014
582,441,Beno Udrih,SG,31,NYK,31,588,92%,9%,,,,-10.2,-10.8,25,15,26,0,7,11,248,0,7,2014
583,441,Beno Udrih,SG,31,MEM,10,55,96%,4%,,,,0.8,-1.3,4,1,1,0,1,0,15,0,0,2014
584,442,Jonas Valančiūnas,C,21,TOR,81,2282,,,,,100%,2.7,-2.3,18,41,102,36,115,11,133,31,62,2014
585,443,Anderson Varejão,C,31,CLE,65,1800,,,,21%,79%,1.6,9.2,33,26,73,9,51,21,324,11,25,2014
586,444,Jarvis Varnado,PF,25,TOT,24,339,,,1%,36%,63%,-13.0,-8.8,4,2,42,4,24,1,34,4,2,2014
587,444,Jarvis Varnado,PF,25,CHI,1,2,,,100%,,,-66.7,-68.8,0,0,0,0,0,0,0,0,0,2014
588,444,Jarvis Varnado,PF,25,PHI,23,337,,,,36%,64%,-12.7,-2.2,4,2,42,4,24,1,34,4,2,2014
589,445,Greivis Vásquez,PG,27,TOT,79,1779,65%,35%,,,,4.7,5.7,75,25,48,16,34,5,736,7,32,2014
590,445,Greivis Vásquez,PG,27,SAC,18,465,80%,20%,,,,-7.7,-5.1,14,9,14,1,7,0,211,2,11,2014
591,445,Greivis Vásquez,PG,27,TOR,61,1314,60%,40%,,,,9.2,8.2,61,16,34,15,27,5,525,5,21,2014
592,446,Jan Veselý,PF,23,TOT,54,776,,,,58%,42%,-7.7,-7.9,14,10,64,10,25,6,47,4,17,2014
593,446,Jan Veselý,PF,23,WAS,33,470,,,,84%,16%,-10.0,-12.8,10,4,32,7,13,4,21,3,10,2014
594,446,Jan Veselý,PF,23,DEN,21,306,,,,17%,83%,-4.3,-2.3,4,6,32,3,12,2,26,1,7,2014
595,447,Charlie Villanueva,PF,29,DET,20,180,,,4%,76%,20%,-20.4,-17.1,4,2,9,1,5,0,15,1,3,2014
596,448,Nikola Vučević,C,23,ORL,57,1812,,,,,100%,-5.2,1.1,37,16,87,23,59,1,245,11,37,2014
597,449,Sasha Vujačić,SG,29,LAC,2,10,,97%,3%,,,-45.1,-52.3,1,1,1,0,0,0,0,0,1,2014
598,450,Dwyane Wade,SG,32,MIA,54,1775,3%,93%,4%,,,4.3,-1.9,94,44,59,9,132,4,577,34,24,2014
599,451,Dion Waiters,SG,22,CLE,70,2072,,64%,36%,,,-1.9,3.3,71,45,52,11,100,6,490,24,66,2014
600,452,Kemba Walker,PG,23,CHA,73,2614,100%,,,,,2.9,9.0,88,65,67,1,108,34,998,15,73,2014
601,453,John Wall,PG,23,WAS,82,2980,100%,,,,,3.1,7.3,178,74,79,25,168,19,1684,43,53,2014
602,454,Gerald Wallace,SF,31,BOS,58,1416,,43%,55%,1%,,-5.8,-1.1,58,24,27,12,39,20,326,5,17,2014
603,455,Casper Ware,PG,24,PHI,9,116,95%,5%,,,,-2.6,8.4,5,0,5,0,1,3,21,0,1,2014
604,456,C.J. Watson,PG,29,IND,63,1193,100%,,,,,6.5,2.6,27,11,30,6,27,20,246,2,13,2014
605,457,Earl Watson,PG,34,POR,24,161,100%,,,,,0.1,-4.0,13,1,14,2,1,2,62,0,1,2014
606,458,Maalik Wayns,PG,22,LAC,2,9,100%,,,,,-31.1,-38.3,0,0,2,0,0,0,6,0,0,2014
607,459,Martell Webster,SF,27,WAS,78,2157,,44%,56%,1%,,0.0,-2.8,27,13,74,7,57,11,218,17,11,2014
608,460,David West,PF,33,IND,80,2472,,,,96%,4%,8.1,9.0,65,24,70,34,96,5,518,19,49,2014
609,Rk,Player,Pos,Age,Tm,G,MP,PG%,SG%,SF%,PF%,C%,OnCourt,On-Off,BadPass,LostBall,Shoot,Off.,Shoot,Off.,PGA,And1,Blkd,2014
610,461,Russell Westbrook,PG,25,OKC,46,1412,100%,,,,,8.0,1.9,100,41,21,23,122,5,719,20,39,2014
611,462,D.J. White,PF,27,CHA,2,10,,,,100%,,-2.9,-2.7,0,0,1,0,0,0,0,0,0,2014
612,463,Royce White,PF,22,SAC,3,9,,,,100%,,-37.5,-34.4,0,0,1,0,0,0,0,0,0,2014
613,464,Deron Williams,PG,29,BRK,64,2059,87%,13%,,,,4.9,11.7,80,44,70,12,70,15,930,21,35,2014
614,465,Derrick Williams,SF-PF,22,TOT,78,1820,,,29%,62%,9%,-4.1,-5.0,18,36,63,15,128,8,128,30,31,2014
615,465,Derrick Williams,PF,22,MIN,11,162,,,14%,70%,16%,-6.5,-9.4,1,4,6,1,9,1,3,2,4,2014
616,465,Derrick Williams,SF,22,SAC,67,1658,,,31%,61%,9%,-3.9,-1.3,17,32,57,14,119,7,125,28,27,2014
617,466,Elliot Williams,SG,24,PHI,67,1157,6%,70%,24%,,,-15.0,-6.1,34,15,51,7,49,8,169,10,31,2014
618,467,Lou Williams,PG,27,ATL,60,1445,84%,16%,,,,-5.7,-8.4,54,21,35,4,67,7,473,15,20,2014
619,468,Marvin Williams,PF,27,UTA,66,1674,,,2%,95%,3%,-5.8,3.8,22,14,54,13,32,4,185,7,17,2014
620,469,Mo Williams,PG,31,POR,74,1834,100%,,,,,1.2,-4.9,99,38,75,7,31,24,734,7,19,2014
621,470,Reggie Williams,SF,27,OKC,3,17,,33%,68%,,,-9.3,-16.1,1,1,0,0,0,0,2,0,0,2014
622,471,Shawne Williams,PF,27,LAL,36,751,,1%,8%,91%,,0.8,8.5,8,6,40,5,6,1,78,0,8,2014
623,472,Jeff Withey,C,23,NOP,58,684,,,,34%,66%,2.5,6.2,4,7,45,7,34,0,58,7,17,2014
624,473,Nate Wolters,PG,22,MIL,58,1309,45%,55%,1%,,,-1.2,11.5,38,12,31,3,41,12,439,8,30,2014
625,474,Metta World Peace,SF,34,NYK,29,388,,3%,60%,37%,,2.4,3.9,7,5,11,2,8,1,43,2,7,2014
626,475,Brandan Wright,C,26,DAL,58,1077,,,,2%,98%,5.8,4.5,7,20,49,4,50,1,78,12,17,2014
627,476,Chris Wright,SF,25,MIL,8,126,5%,74%,21%,,,-6.4,2.7,2,1,10,1,6,0,10,2,3,2014
628,477,Dorell Wright,SF,28,POR,68,984,,,55%,45%,,2.9,-1.2,19,12,40,1,28,3,154,3,4,2014
629,478,Tony Wroten,PG,20,PHI,72,1765,50%,48%,2%,,,-12.0,-2.3,105,52,50,23,154,11,477,32,78,2014
630,479,Nick Young,SG,28,LAL,64,1810,3%,40%,56%,1%,,-1.9,7.7,38,36,68,10,122,10,217,34,35,2014
631,480,Thaddeus Young,PF,25,PHI,79,2718,,,,98%,2%,-12.0,-4.1,63,62,99,22,110,6,407,27,83,2014
632,Rk,Player,Pos,Age,Tm,G,MP,PG%,SG%,SF%,PF%,C%,OnCourt,On-Off,BadPass,LostBall,Shoot,Off.,Shoot,Off.,PGA,And1,Blkd,2014
633,481,Cody Zeller,C,21,CHA,82,1416,,,,,100%,-2.6,-3.8,39,15,76,17,92,9,208,17,43,2014
634,482,Tyler Zeller,C,24,CLE,70,1049,,,,7%,93%,0.8,5.9,8,20,68,21,58,6,82,11,29,2014
